League,Season,Stage,Player,Team,Games_Played,Minutes_Played,Field_Goals_Made,Field_Goals_Attempts,Three_Points_Made,Three_Points_Attempts,Free_Throws_Made,Free_Throws_Attempts,Turnovers,Personal_Fouls,Offensive_Rebounds,Defensive_Rebounds,Rebounds,Assists,Steals,Blocks,Points,birth_year,birth_month,birth_date,height,height_cm,weight,weight_kg,nationality,high_school,draft_round,draft_pick,draft_team
NBA,2017 - 2018,Regular_Season,LeBron James,CLE,82,3025.8,857,1580,149,406,388,531,347,136,97,612,709,747,116,71,2251,1984.0,Dec,"Dec 30, 1984",6-8,203.0,250.0,113.0,United States,St. Vincent St. Mary High School,1.0,1.0,Cleveland Cavaliers
NBA,2017 - 2018,Regular_Season,James Harden,HOU,72,2550.8,651,1449,265,722,624,727,315,169,41,348,389,630,126,50,2191,1989.0,Aug,"Aug 26, 1989",6-5,196.0,220.0,100.0,United States,Artesia High School,1.0,3.0,Oklahoma City Thunder
NBA,2017 - 2018,Regular_Season,Anthony Davis,NOP,75,2727.4,780,1462,55,162,495,598,162,159,187,645,832,174,115,193,2110,1993.0,Mar,"Mar 11, 1993",6-10,208.0,253.0,115.0,United States,Perspectives Charter Academy,1.0,1.0,New Orleans Pelicans
NBA,2017 - 2018,Regular_Season,Russell Westbrook,OKC,80,2913.8,757,1687,97,326,417,566,381,200,152,652,804,820,147,20,2028,1988.0,Nov,"Nov 12, 1988",6-3,191.0,200.0,91.0,United States,Leuzinger High School,1.0,4.0,Seattle SuperSonics
NBA,2017 - 2018,Regular_Season,Giannis Antetokounmpo,MIL,75,2756.2,742,1402,43,140,487,641,223,231,156,597,753,361,109,106,2014,1994.0,Dec,"Dec 6, 1994",6-11,211.0,242.0,110.0,Greece / Nigeria,,1.0,15.0,Milwaukee Bucks
NBA,2017 - 2018,Regular_Season,Damian Lillard,POR,73,2670.0,621,1415,227,629,493,538,206,117,62,263,325,481,78,27,1962,1990.0,Jul,"Jul 15, 1990",6-3,191.0,195.0,88.0,United States,Oakland High School,1.0,6.0,Portland Trail Blazers
NBA,2017 - 2018,Regular_Season,Bradley Beal,WAS,82,2976.8,683,1484,199,530,292,369,214,160,61,302,363,373,96,36,1857,1993.0,Jun,"Jun 28, 1993",6-3,191.0,207.0,94.0,United States,Chaminade College Preparatory School,1.0,3.0,Washington Wizards
NBA,2017 - 2018,Regular_Season,DeMar DeRozan,TOR,80,2711.9,645,1413,89,287,461,559,175,151,59,256,315,417,85,22,1840,1989.0,Aug,"Aug 7, 1989",6-7,201.0,220.0,100.0,United States,Compton High School,1.0,9.0,Toronto Raptors
NBA,2017 - 2018,Regular_Season,Kevin Durant,GSW,68,2325.1,630,1222,173,413,359,404,207,133,31,433,464,366,50,119,1792,1988.0,Sep,"Sep 29, 1988",6-9,206.0,240.0,109.0,United States,Montrose Christian School,1.0,2.0,Seattle SuperSonics
NBA,2017 - 2018,Regular_Season,Lou Williams,LAC,79,2589.2,582,1337,186,518,432,491,234,106,40,158,198,417,85,19,1782,1986.0,Oct,"Oct 27, 1986",6-1,185.0,175.0,79.0,United States,South Gwinnett High School,2.0,15.0,Philadelphia Sixers
NBA,2017 - 2018,Regular_Season,Kemba Walker,CHA,80,2735.9,588,1363,231,601,363,420,179,98,32,216,248,444,91,24,1770,1990.0,May,"May 8, 1990",6-1,185.0,184.0,83.0,United States,Rice High School,1.0,9.0,Charlotte Hornets
NBA,2017 - 2018,Regular_Season,Karl-Anthony Towns,MIN,82,2918.1,639,1172,120,285,345,402,159,285,238,774,1012,199,64,115,1743,1995.0,Nov,"Nov 15, 1995",7-0,213.0,248.0,112.0,United States / Dominican Republic,St. Joseph High School,1.0,1.0,Minnesota Timberwolves
NBA,2017 - 2018,Regular_Season,LaMarcus Aldridge,SAS,75,2508.7,687,1347,27,92,334,399,112,161,246,389,635,152,43,90,1735,1985.0,Jul,"Jul 19, 1985",6-11,211.0,265.0,120.0,United States,Seagoville High School,1.0,2.0,Chicago Bulls
NBA,2017 - 2018,Regular_Season,Victor Oladipo,IND,75,2552.2,640,1342,161,434,294,368,219,175,47,343,390,323,177,57,1735,1992.0,May,"May 4, 1992",6-4,193.0,210.0,95.0,United States,DeMatha Catholic High School,1.0,2.0,Orlando Magic
NBA,2017 - 2018,Regular_Season,Paul George,OKC,79,2890.9,576,1340,244,609,338,411,212,233,72,375,447,263,161,39,1734,1990.0,May,"May 2, 1990",6-9,206.0,220.0,100.0,United States,Pete Knight High School,1.0,10.0,Indiana Pacers
NBA,2017 - 2018,Regular_Season,C.J. McCollum,POR,81,2923.4,667,1505,189,476,209,250,151,168,53,268,321,272,77,35,1732,1991.0,Sep,"Sep 19, 1991",6-3,191.0,190.0,86.0,United States,Glen Oak High School,1.0,10.0,Portland Trail Blazers
NBA,2017 - 2018,Regular_Season,Khris Middleton,MIL,82,2982.2,593,1272,146,407,320,362,191,270,45,384,429,328,119,21,1652,1991.0,Aug,"Aug 12, 1991",6-8,203.0,222.0,101.0,United States,Porter-Gaud High School,2.0,9.0,Detroit Pistons
NBA,2017 - 2018,Regular_Season,Donovan Mitchell,UTA,79,2638.1,595,1362,187,550,239,297,215,213,52,244,296,291,118,27,1616,1996.0,Sep,"Sep 7, 1996",6-3,191.0,215.0,98.0,United States,Brewster Academy,1.0,13.0,Denver Nuggets
NBA,2017 - 2018,Regular_Season,Jrue Holiday,NOP,81,2926.8,615,1244,120,356,187,238,213,201,62,303,365,486,123,64,1537,1990.0,Jun,"Jun 12, 1990",6-4,193.0,205.0,93.0,United States,Campbell Hall School,1.0,17.0,Philadelphia Sixers
NBA,2017 - 2018,Regular_Season,Tobias Harris,LAC,80,2668.2,562,1221,183,445,179,216,105,164,58,379,437,192,71,35,1486,1992.0,Jul,"Jul 15, 1992",6-9,206.0,235.0,107.0,United States,Half Hollow Hills West High School,1.0,19.0,Charlotte Hornets
NBA,2017 - 2018,Regular_Season,Kyrie Irving,BOS,60,1931.4,534,1087,166,407,232,261,140,122,33,194,227,306,65,17,1466,1992.0,Mar,"Mar 23, 1992",6-3,191.0,193.0,88.0,United States / Australia,St. Patrick High School,1.0,1.0,Cleveland Cavaliers
NBA,2017 - 2018,Regular_Season,Klay Thompson,GSW,73,2505.6,575,1178,229,520,82,98,128,117,31,246,277,185,55,34,1461,1990.0,Feb,"Feb 8, 1990",6-7,201.0,215.0,98.0,United States,Santa Margarita Catholic High School,1.0,11.0,Golden State Warriors
NBA,2017 - 2018,Regular_Season,Harrison Barnes,DAL,77,2634.5,537,1208,119,333,259,313,118,94,77,391,468,152,49,14,1452,1992.0,May,"May 30, 1992",6-8,203.0,225.0,102.0,United States,Ames High School,1.0,7.0,Golden State Warriors
NBA,2017 - 2018,Regular_Season,Andrew Wiggins,MIN,82,2978.8,569,1300,112,338,202,314,138,163,82,276,358,160,91,51,1452,1995.0,Feb,"Feb 23, 1995",6-8,203.0,194.0,88.0,Canada,Huntington Prep,1.0,1.0,Cleveland Cavaliers
NBA,2017 - 2018,Regular_Season,Joel Embiid,PHI,63,1912.3,510,1056,66,214,359,467,234,209,143,547,690,199,40,111,1445,1994.0,Mar,"Mar 16, 1994",7-0,213.0,250.0,113.0,Cameroon,The Rock High School,1.0,3.0,Philadelphia Sixers
NBA,2017 - 2018,Regular_Season,Nikola Jokic,DEN,75,2440.9,504,1010,111,280,266,313,210,212,195,608,803,458,90,61,1385,1995.0,Feb,"Feb 19, 1995",7-0,213.0,250.0,113.0,Serbia,,2.0,11.0,Denver Nuggets
NBA,2017 - 2018,Regular_Season,Jamal Murray,DEN,81,2564.9,479,1062,165,436,229,253,172,173,82,215,297,274,79,28,1352,1997.0,Feb,"Feb 23, 1997",6-4,193.0,207.0,94.0,Canada,Athlete Institute Prep,1.0,7.0,Denver Nuggets
NBA,2017 - 2018,Regular_Season,Dwight Howard,CHA,81,2463.4,506,911,1,7,334,582,208,249,255,757,1012,105,48,131,1347,1985.0,Dec,"Dec 8, 1985",6-11,211.0,265.0,120.0,United States,Southwest Atlanta Christian Academy,1.0,1.0,Orlando Magic
NBA,2017 - 2018,Regular_Season,Stephen Curry,GSW,51,1631.0,428,864,212,501,278,302,153,114,36,225,261,310,80,8,1346,1988.0,Mar,"Mar 14, 1988",6-3,191.0,190.0,86.0,United States,Charlotte Christian School,1.0,7.0,Golden State Warriors
NBA,2017 - 2018,Regular_Season,Julius Randle,LAL,82,2190.5,504,904,10,45,305,425,213,274,181,473,654,210,43,45,1323,1994.0,Nov,"Nov 29, 1994",6-9,206.0,250.0,113.0,United States,Prestonwood Christian Academy,1.0,7.0,Los Angeles Lakers
NBA,2017 - 2018,Regular_Season,Eric Bledsoe,MIL,74,2321.7,468,989,125,360,252,317,216,185,51,233,284,370,149,42,1313,1989.0,Dec,"Dec 9, 1989",6-1,185.0,205.0,93.0,United States,Parker High School,1.0,18.0,Oklahoma City Thunder
NBA,2017 - 2018,Regular_Season,Jimmy Butler,MIN,59,2164.0,437,921,70,200,363,425,108,78,79,235,314,288,116,24,1307,1989.0,Sep,"Sep 14, 1989",6-8,203.0,232.0,105.0,United States,Tomball High School,1.0,30.0,Chicago Bulls
NBA,2017 - 2018,Regular_Season,Dennis Schroder,ATL,67,2078.0,500,1146,76,262,225,265,183,147,44,164,208,417,72,6,1301,1993.0,Sep,"Sep 15, 1993",6-1,185.0,172.0,78.0,Germany,,1.0,17.0,Atlanta Hawks
NBA,2017 - 2018,Regular_Season,Goran Dragic,MIA,75,2377.8,484,1075,111,300,217,271,166,180,54,253,307,359,63,12,1296,1986.0,May,"May 6, 1986",6-3,191.0,190.0,86.0,Slovenia,,2.0,15.0,San Antonio Spurs
NBA,2017 - 2018,Regular_Season,Ben Simmons,PHI,81,2731.8,544,998,0,11,191,341,278,211,145,514,659,661,140,70,1279,1996.0,Jul,"Jul 20, 1996",6-10,208.0,230.0,104.0,Australia,Montverde Academy,1.0,1.0,Philadelphia Sixers
NBA,2017 - 2018,Regular_Season,T.J. Warren,PHX,65,2141.8,529,1063,20,90,193,255,85,149,125,208,333,85,65,41,1271,1993.0,Sep,"Sep 5, 1993",6-8,203.0,215.0,98.0,United States,Word of God Christian Academy,1.0,14.0,Phoenix Suns
NBA,2017 - 2018,Regular_Season,Will Barton,DEN,81,2682.9,465,1028,156,422,182,226,149,168,70,339,409,331,82,52,1268,1991.0,Jan,"Jan 6, 1991",6-6,198.0,190.0,86.0,United States,Brewster Academy,2.0,10.0,Portland Trail Blazers
NBA,2017 - 2018,Regular_Season,Kyle Lowry,TOR,78,2509.8,403,944,238,596,223,261,183,192,66,368,434,537,85,19,1267,1986.0,Mar,"Mar 25, 1986",6-1,185.0,196.0,89.0,United States,Cardinal Dougherty High School,1.0,24.0,Memphis Grizzlies
NBA,2017 - 2018,Regular_Season,Carmelo Anthony,OKC,78,2501.5,472,1168,169,474,148,193,99,197,67,386,453,103,47,49,1261,1984.0,May,"May 29, 1984",6-8,203.0,240.0,109.0,United States,Oak Hill Academy,1.0,3.0,Denver Nuggets
NBA,2017 - 2018,Regular_Season,Marc Gasol,MEM,73,2408.4,434,1033,109,320,281,337,194,185,78,514,592,305,54,101,1258,1985.0,Jan,"Jan 29, 1985",7-1,216.0,255.0,116.0,Spain,Lausanne Collegiate School,2.0,18.0,Los Angeles Lakers
NBA,2017 - 2018,Regular_Season,Eric Gordon,HOU,69,2153.9,415,970,218,608,195,241,130,116,25,145,170,154,44,27,1243,1988.0,Dec,"Dec 25, 1988",6-4,193.0,215.0,98.0,United States,North Central High School,1.0,7.0,Los Angeles Clippers
NBA,2017 - 2018,Regular_Season,Blake Griffin,DET,58,1969.9,436,996,111,322,259,330,165,139,73,355,428,334,41,18,1242,1989.0,Mar,"Mar 16, 1989",6-10,208.0,250.0,113.0,United States,Oklahoma Christian School,1.0,1.0,Los Angeles Clippers
NBA,2017 - 2018,Regular_Season,Kyle Kuzma,LAL,77,2400.8,468,1039,159,434,147,208,140,160,88,395,483,141,49,34,1242,1995.0,Jul,"Jul 24, 1995",6-9,206.0,220.0,100.0,United States,Rise Academy,1.0,27.0,Brooklyn Nets
NBA,2017 - 2018,Regular_Season,J.J. Redick,PHI,70,2115.8,404,879,193,460,197,218,103,123,9,169,178,210,35,6,1198,1984.0,Jun,"Jun 24, 1984",6-4,193.0,200.0,91.0,United States,Cave Spring High School,1.0,11.0,Orlando Magic
NBA,2017 - 2018,Regular_Season,Andre Drummond,DET,78,2625.0,466,881,0,11,239,395,200,250,399,848,1247,237,114,127,1171,1993.0,Aug,"Aug 10, 1993",6-11,211.0,279.0,127.0,United States,St. Thomas More Prep,1.0,9.0,Detroit Pistons
NBA,2017 - 2018,Regular_Season,Gary Harris,DEN,67,2304.6,440,908,156,394,134,162,119,119,37,139,176,194,122,15,1170,1994.0,Sep,"Sep 14, 1994",6-4,193.0,210.0,95.0,United States,Hamilton Southeastern High School,1.0,19.0,Chicago Bulls
NBA,2017 - 2018,Regular_Season,Taurean Prince,ATL,82,2464.0,415,975,176,457,152,180,191,168,50,339,389,214,85,42,1158,1994.0,Mar,"Mar 22, 1994",6-8,203.0,220.0,100.0,United States,Warren High School,1.0,12.0,Utah Jazz
NBA,2017 - 2018,Regular_Season,Dario Saric,PHI,78,2310.0,403,890,157,399,178,207,148,160,154,366,520,202,51,20,1141,1994.0,Apr,"Apr 8, 1994",6-10,208.0,250.0,113.0,Croatia,,1.0,12.0,Orlando Magic
NBA,2017 - 2018,Regular_Season,Bojan Bogdanovic,IND,80,2464.5,404,852,155,386,178,205,106,129,30,240,270,119,55,8,1141,1989.0,Apr,"Apr 18, 1989",6-8,203.0,216.0,98.0,Bosnia and Herzegovina / Croatia,,2.0,1.0,Miami Heat
NBA,2017 - 2018,Regular_Season,Otto Porter,WAS,77,2431.6,445,885,138,313,106,128,75,151,103,389,492,157,116,41,1134,1993.0,Jun,"Jun 3, 1993",6-8,203.0,198.0,90.0,United States,Scott County Central High School,1.0,3.0,Washington Wizards
NBA,2017 - 2018,Regular_Season,Jusuf Nurkic,POR,79,2088.3,480,951,0,7,172,273,183,247,189,519,708,143,64,111,1132,1994.0,Aug,"Aug 23, 1994",7-0,213.0,290.0,132.0,Bosnia and Herzegovina,,1.0,16.0,Chicago Bulls
NBA,2017 - 2018,Regular_Season,Jordan Clarkson,CLE,81,1887.4,430,954,112,318,152,190,127,107,57,160,217,221,58,6,1124,1992.0,Jun,"Jun 7, 1992",6-5,196.0,194.0,88.0,United States,Wagner High School,2.0,16.0,Washington Wizards
NBA,2017 - 2018,Regular_Season,Jayson Tatum,BOS,80,2437.8,397,835,105,242,213,258,114,170,50,352,402,128,83,58,1112,1998.0,Mar,"Mar 3, 1998",6-8,203.0,208.0,94.0,United States,Chaminade College Preparatory School,1.0,3.0,Boston Celtics
NBA,2017 - 2018,Regular_Season,Chris Paul,HOU,58,1846.6,367,798,144,379,203,221,128,141,37,276,313,457,96,14,1081,1985.0,May,"May 6, 1985",6-0,183.0,175.0,79.0,United States,West Forsyth High School,1.0,4.0,New Orleans Pelicans
NBA,2017 - 2018,Regular_Season,Buddy Hield,SAC,80,2024.2,416,933,176,408,71,81,124,148,55,252,307,155,85,22,1079,1992.0,Dec,"Dec 17, 1992",6-4,193.0,220.0,100.0,Bahamas,Sunrise Christian Academy,1.0,6.0,New Orleans Pelicans
NBA,2017 - 2018,Regular_Season,Steven Adams,OKC,76,2487.0,448,712,0,2,160,286,127,214,384,301,685,88,92,78,1056,1993.0,Jul,"Jul 20, 1993",7-0,213.0,265.0,120.0,New Zealand,Scots College,1.0,12.0,Oklahoma City Thunder
NBA,2017 - 2018,Regular_Season,Dennis Smith,DAL,69,2049.1,404,1024,106,339,134,193,194,152,50,210,260,358,71,18,1048,1997.0,Nov,"Nov 25, 1997",6-3,191.0,196.0,89.0,United States,Trinity Christian,1.0,9.0,Dallas Mavericks
NBA,2017 - 2018,Regular_Season,Josh Richardson,MIA,81,2689.4,399,885,127,336,120,142,140,199,69,216,285,231,121,75,1045,1993.0,Sep,"Sep 15, 1993",6-6,198.0,200.0,91.0,United States,Edmond Santa Fe High School,2.0,10.0,Miami Heat
NBA,2017 - 2018,Regular_Season,Kevin Love,CLE,59,1651.2,334,729,137,330,234,266,90,120,101,445,546,103,43,24,1039,1988.0,Sep,"Sep 7, 1988",6-10,208.0,251.0,114.0,United States,Lake Oswego High School,1.0,5.0,Memphis Grizzlies
NBA,2017 - 2018,Regular_Season,Lauri Markkanen,CHI,68,2020.1,374,862,145,401,140,166,83,103,79,429,508,79,39,40,1033,1997.0,May,"May 22, 1997",7-0,213.0,227.0,103.0,Finland,Helsinki Basketball Academy,1.0,7.0,Minnesota Timberwolves
NBA,2017 - 2018,Regular_Season,Jeremy Lamb,CHA,80,1967.3,380,832,94,254,179,208,93,138,49,275,324,186,61,32,1033,1992.0,May,"May 30, 1992",6-5,196.0,185.0,84.0,United States,Norcross High School,1.0,12.0,Houston Rockets
NBA,2017 - 2018,Regular_Season,Clint Capela,HOU,74,2034.2,441,676,0,1,144,257,103,185,241,561,802,68,58,138,1026,1994.0,May,"May 18, 1994",6-10,208.0,240.0,109.0,Switzerland,INSEP Academy,1.0,25.0,Houston Rockets
NBA,2017 - 2018,Regular_Season,Aaron Gordon,ORL,58,1909.2,375,865,115,342,157,225,107,111,87,370,457,136,59,45,1022,1995.0,Sep,"Sep 16, 1995",6-9,206.0,220.0,100.0,United States,Archbishop Mitty High School,1.0,4.0,Orlando Magic
NBA,2017 - 2018,Regular_Season,E'Twaun Moore,NOP,82,2585.5,423,832,128,301,48,68,102,182,57,181,238,187,79,12,1022,1989.0,Feb,"Feb 25, 1989",6-4,193.0,191.0,87.0,United States,East Chicago Central High School,2.0,25.0,Boston Celtics
NBA,2017 - 2018,Regular_Season,Jaylen Brown,BOS,70,2151.9,373,803,121,306,150,233,124,181,66,280,346,114,70,26,1017,1996.0,Oct,"Oct 24, 1996",6-7,201.0,220.0,100.0,United States,Joseph Wheeler High School,1.0,3.0,Boston Celtics
NBA,2017 - 2018,Regular_Season,Josh Jackson,PHX,77,1959.5,389,932,57,217,177,279,146,218,95,256,351,119,80,35,1012,1997.0,Feb,"Feb 10, 1997",6-8,203.0,207.0,94.0,United States,Prolific Prep,1.0,4.0,Phoenix Suns
NBA,2017 - 2018,Regular_Season,Robert Covington,PHI,80,2531.0,345,836,203,550,116,136,126,238,55,378,433,156,137,72,1009,1990.0,Dec,"Dec 14, 1990",6-9,206.0,225.0,102.0,United States,Proviso West High School,,,
NBA,2017 - 2018,Regular_Season,Ricky Rubio,UTA,77,2254.5,346,827,96,273,220,254,207,206,44,307,351,410,121,11,1008,1990.0,Oct,"Oct 21, 1990",6-4,193.0,190.0,86.0,Spain,,1.0,5.0,Minnesota Timberwolves
NBA,2017 - 2018,Regular_Season,Spencer Dinwiddie,BRK,80,2305.9,324,838,141,433,218,268,128,186,40,219,259,524,68,23,1007,1993.0,Apr,"Apr 6, 1993",6-6,198.0,210.0,95.0,United States,William Howard Taft High School,2.0,8.0,Detroit Pistons
NBA,2017 - 2018,Regular_Season,Enes Kanter,NYK,71,1829.8,422,713,0,2,156,184,122,187,273,507,780,105,36,37,1000,1992.0,May,"May 20, 1992",6-11,211.0,250.0,113.0,Switzerland / Turkey,Stoneridge Prep,1.0,3.0,Utah Jazz
NBA,2017 - 2018,Regular_Season,Taj Gibson,MIN,82,2726.6,425,737,7,35,142,185,89,218,194,390,584,99,62,59,999,1985.0,Jun,"Jun 24, 1985",6-9,206.0,232.0,105.0,United States,Calvary Christian High School,1.0,26.0,Chicago Bulls
NBA,2017 - 2018,Regular_Season,Jeff Teague,MIN,70,2311.3,354,794,84,228,202,239,177,171,24,185,209,492,102,23,994,1988.0,Jun,"Jun 10, 1988",6-2,188.0,195.0,88.0,United States,Pike High School,1.0,19.0,Atlanta Hawks
NBA,2017 - 2018,Regular_Season,Kentavious Caldwell-Pope,LAL,74,2457.9,340,798,159,415,153,194,97,145,60,327,387,162,106,16,992,1993.0,Feb,"Feb 18, 1993",6-5,196.0,205.0,93.0,United States,Greenville High School,1.0,8.0,Detroit Pistons
NBA,2017 - 2018,Regular_Season,Allen Crabbe,BRK,75,2197.3,337,827,201,532,115,135,78,168,28,296,324,117,47,35,990,1992.0,Apr,"Apr 9, 1992",6-6,198.0,212.0,96.0,United States,Frederick K. C. Price III High School,2.0,1.0,Cleveland Cavaliers
NBA,2017 - 2018,Regular_Season,DeMarre Carroll,BRK,73,2179.6,325,785,145,391,188,246,103,165,105,374,479,147,59,30,983,1986.0,Jul,"Jul 27, 1986",6-8,203.0,215.0,98.0,United States,John Carroll Catholic High School,1.0,27.0,Memphis Grizzlies
NBA,2017 - 2018,Regular_Season,Jonas Valanciunas,TOR,77,1727.3,390,687,30,74,170,211,115,192,183,477,660,81,29,69,980,1992.0,May,"May 6, 1992",7-0,213.0,265.0,120.0,Lithuania,,1.0,5.0,Toronto Raptors
NBA,2017 - 2018,Regular_Season,Michael Beasley,NYK,74,1653.4,409,807,34,86,124,159,143,145,97,317,414,123,36,43,976,1989.0,Jan,"Jan 9, 1989",6-9,206.0,235.0,107.0,United States,Notre Dame Preparatory,1.0,2.0,Miami Heat
NBA,2017 - 2018,Regular_Season,Marco Belinelli,PHI,80,1946.9,337,764,149,395,148,163,94,91,20,131,151,148,66,12,971,1986.0,Mar,"Mar 25, 1986",6-5,196.0,225.0,102.0,Italy,,1.0,18.0,Golden State Warriors
NBA,2017 - 2018,Regular_Season,Bobby Portis,CHI,73,1642.4,382,811,80,223,120,156,103,130,159,339,498,123,50,23,964,1995.0,Feb,"Feb 10, 1995",6-11,211.0,250.0,113.0,United States,Hall High School,1.0,22.0,Chicago Bulls
NBA,2017 - 2018,Regular_Season,Jonathon Simmons,ORL,69,2029.4,354,761,69,204,185,241,146,175,61,178,239,171,58,16,962,1989.0,Sep,"Sep 14, 1989",6-6,198.0,195.0,88.0,United States,Smiley High School ,,,
NBA,2017 - 2018,Regular_Season,Brook Lopez,LAL,74,1735.0,369,793,112,325,111,158,98,195,74,220,294,126,30,98,961,1988.0,Apr,"Apr 1, 1988",7-0,213.0,270.0,122.0,United States,San Joaquin Memorial High School,1.0,10.0,New Jersey Nets
NBA,2017 - 2018,Regular_Season,Serge Ibaka,TOR,76,2093.2,379,784,107,297,94,118,90,209,78,400,478,62,29,99,959,1989.0,Sep,"Sep 18, 1989",6-10,208.0,235.0,107.0,Republic of the Congo / Spain,,1.0,24.0,Seattle SuperSonics
NBA,2017 - 2018,Regular_Season,Thaddeus Young,IND,81,2607.2,421,864,58,181,55,92,105,175,184,328,512,152,135,36,955,1988.0,Jun,"Jun 21, 1988",6-8,203.0,221.0,100.0,United States,Mitchell High School,1.0,12.0,Philadelphia Sixers
NBA,2017 - 2018,Regular_Season,"Kelly Oubre, Jr.",WAS,81,2230.5,318,790,126,369,191,233,90,234,59,304,363,98,80,35,953,1995.0,Dec,"Dec 9, 1995",6-7,201.0,205.0,93.0,United States,Findlay College Prep,1.0,15.0,Atlanta Hawks
NBA,2017 - 2018,Regular_Season,Brandon Ingram,LAL,59,1974.7,358,761,41,105,192,282,149,163,57,257,314,230,45,43,949,1997.0,Sep,"Sep 2, 1997",6-9,206.0,190.0,86.0,United States,Kinston High School,1.0,2.0,Los Angeles Lakers
NBA,2017 - 2018,Regular_Season,Rondae Hollis-Jefferson,BRK,68,1920.6,342,724,13,54,249,316,121,145,101,358,459,167,65,48,946,1995.0,Jan,"Jan 3, 1995",6-7,201.0,217.0,98.0,United States,Chester High School,1.0,23.0,Portland Trail Blazers
NBA,2017 - 2018,Regular_Season,Derrick Favors,UTA,77,2153.5,395,702,14,63,140,215,88,164,198,354,552,102,54,82,944,1991.0,Jul,"Jul 15, 1991",6-10,208.0,265.0,120.0,United States,South Atlanta High School ,1.0,3.0,New Jersey Nets
NBA,2017 - 2018,Regular_Season,Joe Ingles,UTA,82,2578.6,335,718,204,464,66,83,159,178,24,320,344,392,91,20,940,1987.0,Oct,"Oct 2, 1987",6-8,203.0,226.0,103.0,Australia,Australian Institute of Sport,,,
NBA,2017 - 2018,Regular_Season,Willie Cauley-Stein,SAC,73,2044.0,388,773,3,12,153,247,109,185,131,379,510,172,77,67,932,1993.0,Aug,"Aug 18, 1993",7-0,213.0,240.0,109.0,United States,Olathe Northwest High School,1.0,6.0,Sacramento Kings
NBA,2017 - 2018,Regular_Season,DeAndre Jordan,LAC,77,2423.7,373,578,0,0,181,312,137,203,329,842,1171,117,39,71,927,1988.0,Jul,"Jul 21, 1988",6-11,211.0,265.0,120.0,United States,Christian Life Center,2.0,5.0,Los Angeles Clippers
NBA,2017 - 2018,Regular_Season,Al Horford,BOS,72,2277.1,368,753,97,226,94,120,132,138,103,427,530,339,43,78,927,1986.0,Jun,"Jun 3, 1986",6-10,208.0,245.0,111.0,Dominican Republic / United States,Grand Ledge High School,1.0,3.0,Atlanta Hawks
NBA,2017 - 2018,Regular_Season,Dirk Nowitzki,DAL,77,1900.4,346,758,138,337,97,108,51,146,22,416,438,120,43,45,927,1978.0,Jun,"Jun 19, 1978",7-0,213.0,245.0,111.0,Germany,,1.0,9.0,Milwaukee Bucks
NBA,2017 - 2018,Regular_Season,Austin Rivers,LAC,61,2056.7,341,805,136,360,102,159,109,152,27,118,145,242,74,16,920,1992.0,Aug,"Aug 1, 1992",6-4,193.0,200.0,91.0,United States,Winter Park High School,1.0,10.0,New Orleans Pelicans
NBA,2017 - 2018,Regular_Season,Bogdan Bogdanovic,SAC,78,2175.2,344,772,129,329,100,119,125,172,31,192,223,258,72,16,917,1992.0,Aug,"Aug 18, 1992",6-6,198.0,220.0,100.0,Serbia,,1.0,27.0,Phoenix Suns
NBA,2017 - 2018,Regular_Season,Courtney Lee,NYK,76,2309.9,343,755,113,278,114,124,84,109,30,194,224,180,80,17,913,1985.0,Oct,"Oct 3, 1985",6-5,196.0,215.0,98.0,United States,Pike High School,1.0,22.0,Orlando Magic
NBA,2017 - 2018,Regular_Season,Terry Rozier,BOS,80,2068.1,316,800,153,402,115,149,80,123,63,313,376,232,80,19,900,1994.0,Mar,"Mar 17, 1994",6-1,185.0,190.0,86.0,United States,Hargrave Military Academy ,1.0,16.0,Boston Celtics
NBA,2017 - 2018,Regular_Season,Dillon Brooks,MEM,82,2349.8,340,772,94,264,124,166,124,233,49,208,257,135,73,17,898,1996.0,Jan,"Jan 22, 1996",6-6,198.0,220.0,100.0,Canada,Findlay College Prep,2.0,15.0,Houston Rockets
NBA,2017 - 2018,Regular_Season,Ish Smith,DET,82,2042.7,389,801,35,101,81,116,108,140,27,197,224,360,64,20,894,1988.0,Jul,"Jul 5, 1988",6-0,183.0,175.0,79.0,United States,Central Cabarrus High School,,,
NBA,2017 - 2018,Regular_Season,Rodney Hood,CLE,60,1615.5,322,751,127,333,111,129,70,105,22,143,165,95,45,12,882,1992.0,Oct,"Oct 20, 1992",6-8,203.0,205.0,93.0,United States,Meridian High School,1.0,23.0,Utah Jazz
NBA,2017 - 2018,Regular_Season,Justin Holiday,CHI,72,2265.0,290,782,161,449,135,164,93,134,31,260,291,153,80,31,876,1989.0,Apr,"Apr 5, 1989",6-6,198.0,181.0,82.0,United States,Campbell Hall School,,,
NBA,2017 - 2018,Regular_Season,Frank Kaminsky,CHA,79,1835.1,307,716,104,274,155,194,66,95,46,242,288,129,36,19,873,1993.0,Apr,"Apr 4, 1993",7-0,213.0,242.0,110.0,United States,Benet Academy,1.0,9.0,Charlotte Hornets
NBA,2017 - 2018,Regular_Season,Kelly Olynyk,MIA,76,1778.9,316,636,106,280,134,174,147,222,89,342,431,207,62,35,872,1991.0,Apr,"Apr 19, 1991",7-0,213.0,240.0,109.0,Canada,Kamloops High School,1.0,13.0,Dallas Mavericks
NBA,2017 - 2018,Regular_Season,Wayne Ellington,MIA,77,2041.1,285,700,227,579,67,78,52,94,23,195,218,79,53,8,864,1987.0,Nov,"Nov 29, 1987",6-5,196.0,200.0,91.0,United States,Episcopal Academy,1.0,28.0,Minnesota Timberwolves
NBA,2017 - 2018,Regular_Season,Domantas Sabonis,IND,74,1811.8,340,661,13,37,168,224,137,220,165,407,572,151,40,32,861,1996.0,May,"May 3, 1996",6-11,211.0,240.0,109.0,United States / Lithuania,,1.0,11.0,Orlando Magic
NBA,2017 - 2018,Regular_Season,Nikola Mirotic,NOP,55,1494.0,306,684,135,358,112,137,62,108,59,346,405,80,44,39,859,1991.0,Feb,"Feb 11, 1991",6-10,208.0,250.0,113.0,Montenegro / Spain,,1.0,23.0,Houston Rockets
NBA,2017 - 2018,Regular_Season,Caris LeVert,BRK,71,1863.8,320,735,85,245,133,187,153,159,53,207,260,299,82,22,858,1994.0,Aug,"Aug 25, 1994",6-7,201.0,204.0,93.0,United States,Pickerington High School Central,1.0,20.0,Indiana Pacers
NBA,2017 - 2018,Regular_Season,Zach Randolph,SAC,59,1507.7,361,763,51,147,84,107,116,119,97,300,397,127,42,10,857,1981.0,Jul,"Jul 16, 1981",6-9,206.0,260.0,118.0,United States,Marion High School ,1.0,19.0,Portland Trail Blazers
NBA,2017 - 2018,Regular_Season,Darren Collison,IND,69,2018.5,316,638,96,205,127,144,86,122,37,141,178,368,92,15,855,1987.0,Aug,"Aug 23, 1987",6-0,183.0,175.0,79.0,United States,Etiwanda High School,1.0,21.0,New Orleans Pelicans
NBA,2017 - 2018,Regular_Season,Joe Harris,BRK,78,1974.5,305,621,150,358,86,104,91,153,51,209,260,128,35,20,846,1991.0,Sep,"Sep 6, 1991",6-6,198.0,218.0,99.0,United States,Chelan High School,2.0,3.0,Cleveland Cavaliers
NBA,2017 - 2018,Regular_Season,Jeff Green,CLE,78,1827.7,295,618,53,170,203,234,75,149,60,186,246,99,41,34,846,1986.0,Aug,"Aug 28, 1986",6-9,206.0,235.0,107.0,United States,Northwestern High School,1.0,5.0,Boston Celtics
NBA,2017 - 2018,Regular_Season,De'Aaron Fox,SAC,73,2025.6,328,797,47,153,141,195,173,163,33,171,204,320,70,20,844,1997.0,Dec,"Dec 20, 1997",6-3,191.0,185.0,84.0,United States,Cypress Lakes High School,1.0,5.0,Sacramento Kings
NBA,2017 - 2018,Regular_Season,Tyler Johnson,MIA,72,2052.2,309,711,119,324,106,129,81,148,34,214,248,165,60,34,843,1992.0,May,"May 7, 1992",6-4,193.0,190.0,86.0,United States,St. Francis High School,,,
NBA,2017 - 2018,Regular_Season,Markieff Morris,WAS,73,1967.9,330,687,76,207,105,128,127,216,75,334,409,142,56,38,841,1989.0,Sep,"Sep 2, 1989",6-10,208.0,245.0,111.0,United States,APEX Academy,1.0,13.0,Phoenix Suns
NBA,2017 - 2018,Regular_Season,Yogi Ferrell,DAL,82,2281.5,311,730,134,359,82,103,78,153,26,223,249,201,64,9,838,1993.0,May,"May 9, 1993",6-0,183.0,180.0,82.0,United States,Park Tudor School,,,
NBA,2017 - 2018,Regular_Season,Montrezl Harrell,LAC,76,1293.0,348,548,1,7,139,222,68,143,103,204,307,74,36,52,836,1994.0,Jan,"Jan 26, 1994",6-8,203.0,240.0,109.0,United States,Hargrave Military Academy ,2.0,2.0,Houston Rockets
NBA,2017 - 2018,Regular_Season,Kent Bazemore,ATL,65,1789.4,284,676,108,274,160,201,157,147,25,223,248,228,100,45,836,1989.0,Jul,"Jul 1, 1989",6-5,196.0,200.0,91.0,United States,Bertie High School,,,
NBA,2017 - 2018,Regular_Season,Myles Turner,IND,65,1836.3,306,639,56,157,160,206,96,186,93,324,417,87,38,118,828,1996.0,Mar,"Mar 24, 1996",6-11,211.0,250.0,113.0,United States,Trinity High School,1.0,11.0,Indiana Pacers
NBA,2017 - 2018,Regular_Season,Jamal Crawford,MIN,80,1653.2,308,742,104,314,102,113,95,85,21,78,99,185,40,9,822,1980.0,Mar,"Mar 20, 1980",6-5,196.0,195.0,88.0,United States,Rainier Beach High School,1.0,8.0,Cleveland Cavaliers
NBA,2017 - 2018,Regular_Season,Patty Mills,SAS,82,2107.3,280,682,154,414,105,118,106,128,26,128,154,229,55,11,819,1988.0,Aug,"Aug 11, 1988",6-0,183.0,180.0,82.0,Australia,Australian Institute of Sport,2.0,25.0,Portland Trail Blazers
NBA,2017 - 2018,Regular_Season,Wesley Matthews,DAL,63,2131.4,283,697,153,402,83,101,83,140,28,170,198,172,76,16,802,1986.0,Oct,"Oct 14, 1986",6-5,196.0,220.0,100.0,United States,James Madison Memorial High School,,,
NBA,2017 - 2018,Regular_Season,J.J. Barea,DAL,69,1603.3,303,690,115,313,80,102,143,83,15,186,201,434,35,3,801,1984.0,Jun,"Jun 26, 1984",6-0,183.0,185.0,84.0,Puerto Rico / United States,Miami Christian School,,,
NBA,2017 - 2018,Regular_Season,Elfrid Payton,PHX,63,1808.6,329,667,30,92,109,168,168,147,64,210,274,393,83,22,797,1994.0,Feb,"Feb 22, 1994",6-4,193.0,185.0,84.0,United States,Ehret High School,1.0,10.0,Philadelphia Sixers
NBA,2017 - 2018,Regular_Season,James Johnson,MIA,73,1943.3,309,614,57,185,113,162,141,192,61,297,358,280,70,51,788,1987.0,Feb,"Feb 20, 1987",6-8,203.0,240.0,109.0,United States,Cheyenne East High School,1.0,16.0,Chicago Bulls
NBA,2017 - 2018,Regular_Season,Denzel Valentine,CHI,77,2095.2,301,721,143,370,38,51,99,185,48,345,393,244,65,11,783,1993.0,Nov,"Nov 16, 1993",6-6,198.0,210.0,95.0,United States,JW Sexton High School,1.0,14.0,Chicago Bulls
NBA,2017 - 2018,Regular_Season,Trevor Ariza,HOU,67,2269.2,268,651,170,462,76,89,52,132,33,261,294,105,98,13,782,1985.0,Jun,"Jun 30, 1985",6-8,203.0,215.0,98.0,United States,Westchester High School,2.0,14.0,New York Knicks
NBA,2017 - 2018,Regular_Season,John Collins,ATL,74,1784.8,314,545,16,47,133,186,105,215,176,365,541,98,47,80,777,1997.0,Sep,"Sep 23, 1997",6-10,208.0,235.0,107.0,United States,Cardinal Newman High School,1.0,19.0,Atlanta Hawks
NBA,2017 - 2018,Regular_Season,Pau Gasol,SAS,77,1812.0,287,627,43,120,158,209,108,121,129,490,619,238,24,79,775,1980.0,Jul,"Jul 6, 1980",7-0,213.0,250.0,113.0,Spain,,1.0,3.0,Atlanta Hawks
NBA,2017 - 2018,Regular_Season,Draymond Green,GSW,70,2286.8,281,619,77,256,134,173,202,185,75,460,535,508,95,91,773,1990.0,Mar,"Mar 4, 1990",6-7,201.0,230.0,104.0,United States,Saginaw High School,2.0,5.0,Golden State Warriors
NBA,2017 - 2018,Regular_Season,Jae Crowder,UTA,80,2089.5,271,671,110,341,121,148,74,187,59,216,275,99,64,21,773,1990.0,Jul,"Jul 6, 1990",6-6,198.0,235.0,107.0,United States,Villa Rica High School,2.0,4.0,Cleveland Cavaliers
NBA,2017 - 2018,Regular_Season,D.J. Augustin,ORL,75,1760.0,244,540,114,272,164,189,123,94,30,130,160,287,54,0,766,1987.0,Nov,"Nov 10, 1987",6-0,183.0,183.0,83.0,United States,Hightower High School,1.0,9.0,Charlotte Hornets
NBA,2017 - 2018,Regular_Season,Dwyane Wade,MIA,67,1536.1,299,682,32,111,135,189,140,124,50,202,252,228,61,47,765,1982.0,Jan,"Jan 17, 1982",6-4,193.0,220.0,100.0,United States,Harold L. Richards High School,1.0,5.0,Miami Heat
NBA,2017 - 2018,Regular_Season,Lance Stephenson,IND,82,1849.9,303,709,67,232,84,127,131,177,62,362,424,235,46,17,757,1990.0,Sep,"Sep 5, 1990",6-6,198.0,230.0,104.0,United States,Abraham Lincoln High School,2.0,10.0,Indiana Pacers
NBA,2017 - 2018,Regular_Season,Rudy Gobert,UTA,56,1816.1,276,444,0,0,204,299,107,153,165,436,601,80,44,129,756,1992.0,Jun,"Jun 26, 1992",7-1,216.0,245.0,111.0,France,,1.0,27.0,Denver Nuggets
NBA,2017 - 2018,Regular_Season,Robin Lopez,CHI,64,1690.5,342,645,4,14,68,90,107,109,134,156,290,124,14,53,756,1988.0,Apr,"Apr 1, 1988",7-0,213.0,275.0,125.0,United States,San Joaquin Memorial High School,1.0,15.0,Phoenix Suns
NBA,2017 - 2018,Regular_Season,Hassan Whiteside,MIA,54,1364.2,312,578,2,2,128,182,92,131,174,444,618,54,38,94,754,1989.0,Jun,"Jun 13, 1989",7-1,216.0,265.0,120.0,United States,The Patterson School,2.0,3.0,Sacramento Kings
NBA,2017 - 2018,Regular_Season,Ersan Ilyasova,PHI,69,1729.7,277,613,91,253,105,135,72,157,118,287,405,90,61,26,750,1987.0,May,"May 15, 1987",6-10,208.0,235.0,107.0,Turkey,,2.0,6.0,Milwaukee Bucks
NBA,2017 - 2018,Regular_Season,Marvin Williams,CHA,78,2005.9,258,563,126,305,102,123,66,116,74,296,370,96,56,38,744,1986.0,Jun,"Jun 19, 1986",6-9,206.0,237.0,108.0,United States,Bremerton High School,1.0,2.0,Atlanta Hawks
NBA,2017 - 2018,Regular_Season,Nicolas Batum,CHA,64,1980.8,270,650,92,274,108,130,131,72,57,249,306,349,65,23,740,1988.0,Dec,"Dec 14, 1988",6-8,203.0,200.0,91.0,France,,1.0,25.0,Houston Rockets
NBA,2017 - 2018,Regular_Season,Wilson Chandler,DEN,74,2346.1,281,631,88,246,88,114,92,156,102,296,398,159,43,39,738,1987.0,May,"May 10, 1987",6-9,206.0,225.0,102.0,United States,Benton Harbor High School,1.0,23.0,New York Knicks
NBA,2017 - 2018,Regular_Season,Marcus Morris,BOS,54,1447.1,262,611,86,234,124,154,65,100,43,246,289,72,35,12,734,1989.0,Sep,"Sep 2, 1989",6-9,206.0,235.0,107.0,United States,APEX Academy,1.0,14.0,Houston Rockets
NBA,2017 - 2018,Regular_Season,Trey Lyles,DEN,73,1390.6,270,550,83,218,101,143,61,111,55,292,347,91,30,34,724,1995.0,Nov,"Nov 5, 1995",6-10,208.0,235.0,107.0,Canada / United States,Arsenal Technical High School,1.0,12.0,Utah Jazz
NBA,2017 - 2018,Regular_Season,Mario Hezonja,ORL,75,1657.0,273,617,90,267,86,105,86,134,41,240,281,106,81,31,722,1995.0,Feb,"Feb 25, 1995",6-8,203.0,220.0,100.0,Croatia,,1.0,5.0,Orlando Magic
NBA,2017 - 2018,Regular_Season,Anthony Tolliver,DET,79,1756.9,219,472,159,365,106,133,58,144,50,191,241,90,32,21,703,1985.0,Jun,"Jun 1, 1985",6-8,203.0,245.0,111.0,United States,Kickapoo High School,,,
NBA,2017 - 2018,Regular_Season,Troy Daniels,PHX,79,1622.0,232,575,183,458,56,64,56,137,12,115,127,48,26,5,703,1991.0,Jul,"Jul 15, 1991",6-4,193.0,205.0,93.0,United States,William Fleming High School,,,
NBA,2017 - 2018,Regular_Season,C.J. Miles,TOR,70,1336.3,227,599,164,454,81,97,39,134,18,134,152,55,37,21,699,1987.0,Mar,"Mar 18, 1987",6-6,198.0,220.0,100.0,United States,Skyline High School ,2.0,4.0,Utah Jazz
NBA,2017 - 2018,Regular_Season,Reggie Bullock,DET,62,1731.6,267,546,125,281,39,49,47,70,27,127,154,95,47,13,698,1991.0,Mar,"Mar 16, 1991",6-7,201.0,205.0,93.0,United States,Kinston High School,1.0,25.0,Los Angeles Clippers
NBA,2017 - 2018,Regular_Season,Marcin Gortat,WAS,82,2074.6,290,560,0,0,110,163,99,175,181,442,623,151,40,61,690,1984.0,Feb,"Feb 17, 1984",6-11,211.0,240.0,109.0,Poland,,2.0,27.0,Phoenix Suns
NBA,2017 - 2018,Regular_Season,Jerami Grant,OKC,81,1646.9,244,456,32,110,162,240,54,155,86,233,319,57,31,77,682,1994.0,Mar,"Mar 12, 1994",6-9,206.0,220.0,100.0,United States,DeMatha Catholic High School,2.0,9.0,Philadelphia Sixers
NBA,2017 - 2018,Regular_Season,Michael Kidd-Gilchrist,CHA,74,1850.4,282,560,0,2,117,171,53,143,84,218,302,71,51,32,681,1993.0,Sep,"Sep 26, 1993",6-7,201.0,232.0,105.0,United States,St. Patrick High School,1.0,2.0,Charlotte Hornets
NBA,2017 - 2018,Regular_Season,Kyle Korver,CLE,73,1573.8,222,484,164,376,64,72,55,130,9,156,165,88,31,27,672,1981.0,Mar,"Mar 17, 1981",6-7,201.0,212.0,96.0,United States,Pella High School,2.0,22.0,New Jersey Nets
NBA,2017 - 2018,Regular_Season,Dwight Powell,DAL,79,1671.6,255,430,28,84,133,185,59,186,135,309,444,91,67,32,671,1991.0,Jul,"Jul 20, 1991",6-11,211.0,240.0,109.0,Canada,IMG Academy,2.0,15.0,Charlotte Hornets
NBA,2017 - 2018,Regular_Season,Mike Scott,WAS,76,1406.2,276,524,66,163,50,76,79,148,50,197,247,80,23,10,668,1988.0,Jul,"Jul 16, 1988",6-8,203.0,237.0,108.0,United States,Hargrave Military Academy ,2.0,13.0,Atlanta Hawks
NBA,2017 - 2018,Regular_Season,George Hill,CLE,67,1812.2,236,513,85,205,110,140,88,128,42,139,181,186,61,27,667,1986.0,May,"May 4, 1986",6-3,191.0,188.0,85.0,United States,Broad Ripple High School,1.0,26.0,San Antonio Spurs
NBA,2017 - 2018,Regular_Season,John Henson,MIL,76,1969.7,287,502,1,7,90,158,84,202,150,363,513,114,45,109,665,1990.0,Dec,"Dec 28, 1990",6-11,211.0,219.0,99.0,United States,Sickles High School,1.0,14.0,Milwaukee Bucks
NBA,2017 - 2018,Regular_Season,J.R. Smith,CLE,80,2244.1,240,595,143,381,39,56,81,161,29,206,235,141,68,11,662,1985.0,Sep,"Sep 9, 1985",6-6,198.0,225.0,102.0,United States,Saint Benedict's Preparatory School,1.0,18.0,New Orleans Pelicans
NBA,2017 - 2018,Regular_Season,Fred VanVleet,TOR,76,1519.9,232,545,108,261,84,101,74,130,25,159,184,243,68,19,656,1994.0,Feb,"Feb 25, 1994",6-0,183.0,195.0,88.0,United States,Auburn High School,,,
NBA,2017 - 2018,Regular_Season,Rudy Gay,SAS,57,1231.3,253,537,37,118,112,145,78,98,76,215,291,73,46,38,655,1986.0,Aug,"Aug 17, 1986",6-8,203.0,240.0,109.0,United States,Archbishop Spalding High School,1.0,8.0,Houston Rockets
NBA,2017 - 2018,Regular_Season,Dejounte Murray,SAS,81,1743.0,270,609,9,34,105,148,134,151,110,349,459,231,97,31,654,1996.0,Sep,"Sep 19, 1996",6-5,196.0,175.0,79.0,United States,Rainier Beach High School,1.0,29.0,San Antonio Spurs
NBA,2017 - 2018,Regular_Season,Cory Joseph,IND,82,2209.8,256,604,67,190,70,94,87,141,39,224,263,260,80,18,649,1991.0,Aug,"Aug 20, 1991",6-3,191.0,200.0,91.0,Canada,Findlay College Prep,1.0,29.0,San Antonio Spurs
NBA,2017 - 2018,Regular_Season,Evan Turner,POR,79,2033.9,258,577,42,132,91,107,99,163,30,214,244,173,47,29,649,1988.0,Oct,"Oct 27, 1988",6-7,201.0,220.0,100.0,United States,St. Joseph High School,1.0,2.0,Philadelphia Sixers
NBA,2017 - 2018,Regular_Season,Al-Farouq Aminu,POR,69,2072.3,230,582,125,339,59,80,79,136,97,428,525,84,79,40,644,1990.0,Sep,"Sep 21, 1990",6-9,206.0,220.0,100.0,United States / Nigeria,Norcross High School,1.0,8.0,Los Angeles Clippers
NBA,2017 - 2018,Regular_Season,Shabazz Napier,POR,74,1535.3,223,531,82,218,116,138,90,84,26,144,170,150,81,14,644,1991.0,Jul,"Jul 14, 1991",6-1,185.0,180.0,82.0,United States / Puerto Rico,Charlestown High School,1.0,24.0,Charlotte Hornets
NBA,2017 - 2018,Regular_Season,Darius Miller,NOP,82,1943.7,216,487,147,358,58,67,58,160,18,146,164,111,28,17,637,1990.0,Mar,"Mar 21, 1990",6-8,203.0,225.0,102.0,United States,Mason County High School,2.0,16.0,New Orleans Pelicans
NBA,2017 - 2018,Regular_Season,Doug McDermott,DAL,81,1767.8,237,508,92,216,64,81,56,122,40,160,200,79,19,16,630,1992.0,Jan,"Jan 3, 1992",6-8,203.0,225.0,102.0,United States,Ames High School,1.0,11.0,Denver Nuggets
NBA,2017 - 2018,Regular_Season,Jerian Grant,CHI,74,1686.3,209,503,61,187,140,188,89,132,31,141,172,342,63,8,619,1992.0,Oct,"Oct 9, 1992",6-4,193.0,198.0,90.0,United States,DeMatha Catholic High School,1.0,19.0,Washington Wizards
NBA,2017 - 2018,Regular_Season,Dewayne Dedmon,ATL,62,1542.3,250,477,50,141,67,86,86,162,100,389,489,90,40,51,617,1989.0,Aug,"Aug 12, 1989",7-0,213.0,245.0,111.0,United States,Lancaster High School,,,
NBA,2017 - 2018,Regular_Season,Ryan Anderson,HOU,66,1725.4,207,480,131,339,72,93,42,126,94,237,331,60,24,21,617,1988.0,May,"May 6, 1988",6-10,208.0,240.0,109.0,United States,Oak Ridge High School ,1.0,21.0,New Jersey Nets
NBA,2017 - 2018,Regular_Season,Danny Green,SAS,70,1791.0,217,561,116,320,50,65,74,122,41,208,249,110,63,80,600,1987.0,Jun,"Jun 22, 1987",6-6,198.0,215.0,98.0,United States,St. Mary's High School,2.0,16.0,Cleveland Cavaliers
NBA,2017 - 2018,Regular_Season,Stanley Johnson,DET,69,1893.5,210,560,67,234,112,145,77,169,33,219,252,112,95,14,599,1996.0,May,"May 29, 1996",6-7,201.0,245.0,111.0,United States,Mater Dei High School,1.0,8.0,Detroit Pistons
NBA,2017 - 2018,Regular_Season,Devin Harris,DEN,71,1339.5,187,454,79,227,142,170,76,158,12,115,127,152,47,12,595,1983.0,Feb,"Feb 27, 1983",6-3,191.0,185.0,84.0,United States,Wauwatosa East High School,1.0,5.0,Washington Wizards
NBA,2017 - 2018,Regular_Season,Pascal Siakam,TOR,81,1679.2,253,498,29,132,54,87,67,166,79,285,364,159,62,42,589,1994.0,Apr,"Apr 2, 1994",6-9,206.0,230.0,104.0,Cameroon,God's Academy,1.0,27.0,Toronto Raptors
NBA,2017 - 2018,Regular_Season,Alex Len,PHX,69,1395.4,214,378,1,3,158,231,78,158,175,343,518,82,27,61,587,1993.0,Jun,"Jun 16, 1993",7-1,216.0,250.0,113.0,Ukraine,Dnipropetrovsk Higher College,1.0,5.0,Phoenix Suns
NBA,2017 - 2018,Regular_Season,Jarrett Allen,BRK,72,1441.2,234,397,5,15,114,147,82,147,144,244,388,49,28,88,587,1998.0,Apr,"Apr 21, 1998",6-11,211.0,237.0,108.0,United States,St. Stephen's Episcopal School,1.0,22.0,Brooklyn Nets
NBA,2017 - 2018,Regular_Season,Kyle Anderson,SAS,74,1978.3,231,438,19,57,104,146,94,114,84,312,396,202,115,60,585,1993.0,Sep,"Sep 20, 1993",6-9,206.0,230.0,104.0,United States,St. Anthony High School,1.0,30.0,San Antonio Spurs
NBA,2017 - 2018,Regular_Season,Nick Young,GSW,80,1393.1,201,488,123,326,56,65,39,100,20,105,125,36,38,7,581,1985.0,Jun,"Jun 1, 1985",6-7,201.0,210.0,95.0,United States,Cleveland High School,1.0,16.0,Washington Wizards
NBA,2017 - 2018,Regular_Season,Manu Ginobili,SAS,65,1298.7,201,463,64,192,110,131,105,126,19,123,142,163,43,16,576,1977.0,Jul,"Jul 28, 1977",6-6,198.0,205.0,93.0,Argentina,,2.0,28.0,San Antonio Spurs
NBA,2017 - 2018,Regular_Season,"Larry Nance, Jr.",CLE,66,1420.6,240,413,2,12,91,137,51,172,161,291,452,82,88,38,573,1993.0,Jan,"Jan 1, 1993",6-9,206.0,230.0,104.0,United States,Revere High School,1.0,27.0,Los Angeles Lakers
NBA,2017 - 2018,Regular_Season,Jakob Poeltl,TOR,82,1523.5,253,384,1,2,60,101,85,212,165,228,393,57,39,100,567,1995.0,Oct,"Oct 15, 1995",7-0,213.0,240.0,109.0,Austria,,1.0,9.0,Toronto Raptors
NBA,2017 - 2018,Regular_Season,Raymond Felton,OKC,82,1364.6,224,552,81,230,36,44,76,91,25,131,156,203,49,16,565,1984.0,Jun,"Jun 26, 1984",6-1,185.0,205.0,93.0,United States,Latta High School,1.0,5.0,Charlotte Hornets
NBA,2017 - 2018,Regular_Season,Jarell Martin,MEM,73,1660.6,221,496,34,98,89,116,86,211,97,221,318,73,39,49,565,1994.0,May,"May 24, 1994",6-10,208.0,239.0,108.0,United States,Madison Prep Academy,1.0,25.0,Memphis Grizzlies
NBA,2017 - 2018,Regular_Season,Luke Kennard,DET,73,1462.7,206,465,81,195,65,76,69,86,21,155,176,124,44,13,558,1996.0,Jun,"Jun 24, 1996",6-5,196.0,206.0,93.0,United States,Franklin High School,1.0,12.0,Detroit Pistons
NBA,2017 - 2018,Regular_Season,Marquese Chriss,PHX,72,1527.0,202,477,56,190,96,158,107,205,76,319,395,83,51,70,556,1997.0,Jul,"Jul 2, 1997",6-10,208.0,230.0,104.0,United States,Pleasant Grove High School,1.0,8.0,Sacramento Kings
NBA,2017 - 2018,Regular_Season,Delon Wright,TOR,69,1432.7,201,432,56,153,97,117,78,81,45,153,198,200,72,33,555,1992.0,Apr,"Apr 26, 1992",6-5,196.0,183.0,83.0,United States,Leuzinger High School,1.0,20.0,Toronto Raptors
NBA,2017 - 2018,Regular_Season,David Nwaba,CHI,70,1645.8,202,423,18,52,133,203,77,158,89,237,326,104,59,29,555,1993.0,Jan,"Jan 14, 1993",6-4,193.0,219.0,99.0,United States,University City High School,,,
NBA,2017 - 2018,Regular_Season,Bryn Forbes,SAS,80,1516.8,209,497,89,228,48,72,37,108,12,98,110,80,28,2,555,1993.0,Jul,"Jul 23, 1993",6-3,191.0,195.0,88.0,United States,JW Sexton High School,,,
NBA,2017 - 2018,Regular_Season,Tyler Ulis,PHX,71,1658.5,214,551,42,146,84,101,127,120,24,104,128,311,70,7,554,1996.0,Jan,"Jan 5, 1996",5-10,178.0,149.0,68.0,United States,Marian Catholic High School,2.0,4.0,Phoenix Suns
NBA,2017 - 2018,Regular_Season,Emmanuel Mudiay,NYK,64,1244.1,204,526,47,148,98,129,113,80,26,126,152,206,41,11,553,1996.0,Mar,"Mar 5, 1996",6-5,196.0,200.0,91.0,United States / Democratic Republic of the Congo,Grace Preparatory Academy,1.0,7.0,Denver Nuggets
NBA,2017 - 2018,Regular_Season,Ian Clark,NOP,74,1454.6,222,495,62,195,45,59,57,120,10,117,127,110,33,10,551,1991.0,Mar,"Mar 7, 1991",6-3,191.0,175.0,79.0,United States,Germantown High School,,,
NBA,2017 - 2018,Regular_Season,Kyle O'Quinn,NYK,77,1386.6,224,384,4,17,98,127,100,192,121,349,470,158,36,98,550,1990.0,Mar,"Mar 26, 1990",6-10,208.0,250.0,113.0,United States,Campus Magnet High School,2.0,19.0,Orlando Magic
NBA,2017 - 2018,Regular_Season,Marcus Smart,BOS,54,1613.6,189,515,75,249,97,133,129,133,43,146,189,259,71,23,550,1994.0,Mar,"Mar 6, 1994",6-4,193.0,220.0,100.0,United States,Marcus High School,1.0,6.0,Boston Celtics
NBA,2017 - 2018,Regular_Season,Garrett Temple,SAC,65,1614.9,199,476,89,227,60,78,79,135,22,130,152,124,57,27,547,1986.0,May,"May 8, 1986",6-6,198.0,195.0,88.0,United States,Louisiana State University Laboratory School,,,
NBA,2017 - 2018,Regular_Season,Rajon Rondo,NOP,65,1705.0,231,494,50,150,25,46,151,119,31,232,263,533,70,10,537,1986.0,Feb,"Feb 22, 1986",6-1,185.0,186.0,84.0,United States,Oak Hill Academy,1.0,21.0,Phoenix Suns
NBA,2017 - 2018,Regular_Season,Dragan Bender,PHX,82,2069.4,187,484,118,322,39,51,112,166,40,321,361,130,22,53,531,1997.0,Nov,"Nov 17, 1997",7-1,216.0,235.0,107.0,Bosnia and Herzegovina / Croatia,Akademija Nikola Vujcic,1.0,4.0,Phoenix Suns
NBA,2017 - 2018,Regular_Season,Justise Winslow,MIA,68,1680.2,207,488,49,129,66,104,77,140,64,306,370,148,54,33,529,1996.0,Mar,"Mar 26, 1996",6-7,201.0,225.0,102.0,United States,St. John's School,1.0,10.0,Miami Heat
NBA,2017 - 2018,Regular_Season,Tomas Satoransky,WAS,73,1642.6,201,384,47,101,75,96,83,131,72,161,233,286,52,15,524,1991.0,Oct,"Oct 30, 1991",6-7,201.0,210.0,95.0,Czech Republic,,2.0,2.0,Washington Wizards
NBA,2017 - 2018,Regular_Season,Mason Plumlee,DEN,74,1441.3,221,368,0,1,82,179,103,184,132,268,400,142,49,81,524,1990.0,Mar,"Mar 5, 1990",6-11,211.0,235.0,107.0,United States,Christ School,1.0,22.0,Brooklyn Nets
NBA,2017 - 2018,Regular_Season,Greg Monroe,BOS,51,1040.9,218,386,0,0,88,119,94,95,109,241,350,114,44,23,524,1990.0,Jun,"Jun 4, 1990",6-11,211.0,265.0,120.0,United States,Helen Cox High School,1.0,7.0,Detroit Pistons
NBA,2017 - 2018,Regular_Season,Skal Labissiere,SAC,60,1240.2,205,458,18,51,95,118,73,132,99,189,288,72,25,49,523,1996.0,Mar,"Mar 18, 1996",6-11,211.0,235.0,107.0,Haiti,Reach Your Dreams Academy,1.0,28.0,Phoenix Suns
NBA,2017 - 2018,Regular_Season,Tony Snell,MIL,75,2053.3,185,425,108,268,38,48,36,115,9,132,141,98,47,28,516,1991.0,Nov,"Nov 10, 1991",6-7,201.0,213.0,97.0,United States,Martin Luther King High School,1.0,20.0,Chicago Bulls
NBA,2017 - 2018,Regular_Season,James Ennis,DET,72,1603.9,182,384,51,153,97,116,56,134,73,151,224,71,47,18,512,1990.0,Jul,"Jul 1, 1990",6-7,201.0,210.0,95.0,United States,Ventura High School,2.0,20.0,Atlanta Hawks
NBA,2017 - 2018,Regular_Season,Mario Chalmers,MEM,66,1421.4,168,443,53,191,118,138,117,179,13,144,157,197,79,14,507,1986.0,May,"May 19, 1986",6-2,188.0,190.0,86.0,United States,Bartlett High School,2.0,4.0,Minnesota Timberwolves
NBA,2017 - 2018,Regular_Season,P.J. Tucker,HOU,82,2281.2,172,441,115,310,43,60,74,205,93,364,457,77,78,26,502,1985.0,May,"May 5, 1985",6-6,198.0,245.0,111.0,United States,Enloe High School,2.0,5.0,Toronto Raptors
NBA,2017 - 2018,Regular_Season,Gerald Green,HOU,41,929.1,168,413,110,298,51,60,31,87,14,118,132,25,24,15,497,1986.0,Jan,"Jan 26, 1986",6-7,201.0,205.0,93.0,United States,Gulf Shores Academy,1.0,18.0,Boston Celtics
NBA,2017 - 2018,Regular_Season,Josh Hart,LAL,63,1460.5,176,375,78,197,66,94,47,107,42,221,263,80,47,16,496,1995.0,Mar,"Mar 6, 1995",6-5,196.0,215.0,98.0,United States,Sidwell Friends School,1.0,30.0,Utah Jazz
NBA,2017 - 2018,Regular_Season,David West,GSW,73,998.7,216,378,3,8,60,79,80,120,64,174,238,138,47,75,495,1980.0,Aug,"Aug 29, 1980",6-9,206.0,250.0,113.0,United States,Garner Magnet High School,1.0,18.0,New Orleans Pelicans
NBA,2017 - 2018,Regular_Season,Alec Burks,UTA,64,1058.6,170,414,47,142,107,124,60,75,19,173,192,67,37,8,494,1991.0,Jul,"Jul 20, 1991",6-6,198.0,214.0,97.0,United States,Grandview High School,1.0,12.0,Utah Jazz
NBA,2017 - 2018,Regular_Season,Jodie Meeks,WAS,77,1118.7,157,393,72,210,101,117,37,55,15,111,126,70,29,4,487,1987.0,Aug,"Aug 21, 1987",6-4,193.0,210.0,95.0,United States,Norcross High School,2.0,11.0,Milwaukee Bucks
NBA,2017 - 2018,Regular_Season,Aron Baynes,BOS,81,1484.7,210,446,3,21,59,78,80,200,130,304,434,93,22,51,482,1986.0,Dec,"Dec 9, 1986",6-10,208.0,260.0,118.0,New Zealand / Australia,Cairns State High School,,,
NBA,2017 - 2018,Regular_Season,T.J. McConnell,PHI,76,1706.2,210,421,27,62,31,39,112,122,37,189,226,303,92,13,478,1992.0,Mar,"Mar 25, 1992",6-2,188.0,190.0,86.0,United States,Chartiers Valley High School,,,
NBA,2017 - 2018,Regular_Season,Kosta Koufos,SAC,71,1391.2,222,389,0,0,33,74,49,146,149,323,472,87,48,32,477,1989.0,Feb,"Feb 24, 1989",7-0,213.0,265.0,120.0,United States / Greece,Glen Oak High School,1.0,23.0,Utah Jazz
NBA,2017 - 2018,Regular_Season,Bam Adebayo,MIA,69,1368.1,174,340,0,7,129,179,66,138,118,263,381,101,32,41,477,1997.0,Jul,"Jul 18, 1997",6-10,208.0,255.0,116.0,United States,High Point Christian Academy,1.0,14.0,Miami Heat
NBA,2017 - 2018,Regular_Season,Shelvin Mack,ORL,69,1364.7,178,414,48,139,69,97,89,91,23,143,166,272,54,8,473,1990.0,Apr,"Apr 22, 1990",6-3,191.0,203.0,92.0,United States,Bryan Station High School,2.0,4.0,Washington Wizards
NBA,2017 - 2018,Regular_Season,Gorgui Dieng,MIN,79,1332.7,186,388,19,61,79,102,59,147,106,254,360,71,45,39,470,1990.0,Jan,"Jan 18, 1990",6-11,211.0,252.0,114.0,Senegal,Covenant Christian Academy,1.0,21.0,Utah Jazz
NBA,2017 - 2018,Regular_Season,Bismack Biyombo,ORL,82,1494.9,183,352,0,1,102,157,84,158,144,324,468,66,21,95,468,1992.0,Aug,"Aug 28, 1992",6-9,206.0,255.0,116.0,Democratic Republic of the Congo,,1.0,7.0,Sacramento Kings
NBA,2017 - 2018,Regular_Season,Jarrett Jack,NYK,62,1547.9,189,443,25,86,63,75,115,98,22,169,191,348,35,4,466,1983.0,Oct,"Oct 28, 1983",6-3,191.0,200.0,91.0,United States,Worcester Academy,1.0,22.0,Denver Nuggets
NBA,2017 - 2018,Regular_Season,Frank Ntilikina,NYK,78,1705.3,182,500,50,157,49,68,131,181,37,140,177,250,65,18,463,1998.0,Jul,"Jul 28, 1998",6-6,198.0,200.0,91.0,Belgium / France,,1.0,8.0,New York Knicks
NBA,2017 - 2018,Regular_Season,Luc Mbah a Moute,HOU,61,1564.3,166,345,63,173,65,95,69,100,22,164,186,55,72,25,460,1986.0,Sep,"Sep 9, 1986",6-8,203.0,230.0,104.0,Cameroon,Montverde Academy,2.0,7.0,Milwaukee Bucks
NBA,2017 - 2018,Regular_Season,Davis Bertans,SAS,77,1086.2,161,366,94,252,40,49,36,93,18,135,153,74,26,28,456,1992.0,Nov,"Nov 12, 1992",6-10,208.0,225.0,102.0,Latvia,,2.0,12.0,Indiana Pacers
NBA,2017 - 2018,Regular_Season,Nemanja Bjelica,MIN,67,1370.8,171,371,76,183,36,45,52,141,53,221,274,86,50,16,454,1988.0,May,"May 9, 1988",6-10,208.0,235.0,107.0,Serbia,,2.0,5.0,Washington Wizards
NBA,2017 - 2018,Regular_Season,Justin Jackson,SAC,68,1506.2,185,419,57,185,26,36,40,81,27,160,187,74,28,13,453,1995.0,Mar,"Mar 28, 1995",6-8,203.0,210.0,95.0,United States,Homeschool Christian Youth Association,1.0,15.0,Portland Trail Blazers
NBA,2017 - 2018,Regular_Season,Isaiah Taylor,ATL,67,1167.0,163,390,20,80,99,141,84,116,22,72,94,206,34,10,445,1994.0,Jul,"Jul 11, 1994",6-3,191.0,170.0,77.0,United States,The Village School,,,
NBA,2017 - 2018,Regular_Season,Tyler Zeller,MIL,66,1108.2,187,334,10,28,57,79,47,126,110,195,305,47,15,35,441,1990.0,Jan,"Jan 17, 1990",7-0,213.0,259.0,117.0,United States,Washington High School,1.0,17.0,Dallas Mavericks
NBA,2017 - 2018,Regular_Season,Pat Connaughton,POR,82,1487.6,165,390,74,210,37,44,43,120,36,125,161,91,23,22,441,1993.0,Jan,"Jan 6, 1993",6-4,193.0,209.0,95.0,United States,St. John's Prep,2.0,11.0,Brooklyn Nets
NBA,2017 - 2018,Regular_Season,Ogugua Anunoby,TOR,74,1481.6,163,346,73,197,39,62,45,130,44,140,184,55,52,14,438,1997.0,Jul,"Jul 17, 1997",6-8,203.0,232.0,105.0,England / United States,Jefferson City High School,1.0,23.0,Toronto Raptors
NBA,2017 - 2018,Regular_Season,Jonas Jerebko,UTA,74,1133.3,159,341,65,157,46,57,27,127,53,193,246,42,24,12,429,1987.0,Mar,"Mar 2, 1987",6-10,208.0,231.0,105.0,Sweden,,2.0,9.0,Detroit Pistons
NBA,2017 - 2018,Regular_Season,Trevor Booker,IND,68,1158.1,177,343,8,33,66,93,59,119,117,201,318,82,28,21,428,1987.0,Nov,"Nov 25, 1987",6-8,203.0,228.0,103.0,United States,Union High School,1.0,23.0,Minnesota Timberwolves
NBA,2017 - 2018,Regular_Season,Tony Parker,SAS,55,1070.9,178,388,10,37,55,78,68,52,7,88,95,195,28,1,421,1982.0,May,"May 17, 1982",6-2,188.0,185.0,84.0,France,,1.0,28.0,San Antonio Spurs
NBA,2017 - 2018,Regular_Season,Malik Monk,CHA,63,853.5,153,425,83,243,32,38,49,60,8,58,66,91,20,9,421,1998.0,Feb,"Feb 4, 1998",6-3,191.0,200.0,91.0,United States,Bentonville High School,1.0,11.0,Charlotte Hornets
NBA,2017 - 2018,Regular_Season,Dante Cunningham,BRK,73,1561.7,164,364,58,168,31,52,33,111,78,220,298,48,39,30,417,1987.0,Apr,"Apr 22, 1987",6-8,203.0,230.0,104.0,United States,Potomac High School,2.0,3.0,Portland Trail Blazers
NBA,2017 - 2018,Regular_Season,Tyus Jones,MIN,82,1466.8,150,328,45,129,71,81,59,110,16,116,132,232,95,6,416,1996.0,May,"May 10, 1996",6-2,188.0,196.0,89.0,United States,Apple Valley High School,1.0,24.0,Cleveland Cavaliers
NBA,2017 - 2018,Regular_Season,Ed Davis,POR,78,1470.9,170,292,0,1,74,111,66,188,183,392,575,40,32,52,414,1989.0,Jun,"Jun 5, 1989",6-10,208.0,225.0,102.0,United States,Benedictine High School,1.0,13.0,Toronto Raptors
NBA,2017 - 2018,Regular_Season,Quincy Acy,BRK,70,1359.2,130,365,102,292,49,60,60,149,40,217,257,57,33,29,411,1990.0,Oct,"Oct 6, 1990",6-7,201.0,240.0,109.0,United States,John Horn High School,2.0,7.0,Toronto Raptors
NBA,2017 - 2018,Regular_Season,Wesley Johnson,LAC,74,1486.2,150,368,60,177,43,58,55,146,29,187,216,61,76,62,403,1987.0,Jul,"Jul 11, 1987",6-7,201.0,215.0,98.0,United States,Corsicana High School,1.0,4.0,Minnesota Timberwolves
NBA,2017 - 2018,Regular_Season,Shaun Livingston,GSW,71,1129.2,172,343,0,5,50,61,58,117,32,99,131,140,35,21,394,1985.0,Sep,"Sep 11, 1985",6-7,201.0,192.0,87.0,United States,Peoria Central High School ,1.0,4.0,Los Angeles Clippers
NBA,2017 - 2018,Regular_Season,Maxi Kleber,DAL,72,1206.1,151,309,40,128,44,59,30,114,71,163,234,51,26,47,386,1992.0,Jan,"Jan 29, 1992",6-11,211.0,240.0,109.0,Germany,,,,
NBA,2017 - 2018,Regular_Season,Maurice Harkless,POR,59,1263.8,147,297,49,118,42,59,40,103,46,116,162,53,48,43,385,1993.0,May,"May 11, 1993",6-9,206.0,220.0,100.0,United States / Puerto Rico,South Kent School,1.0,15.0,Philadelphia Sixers
NBA,2017 - 2018,Regular_Season,Norman Powell,TOR,70,1061.5,150,374,53,186,32,39,66,111,14,105,119,89,37,16,385,1993.0,May,"May 25, 1993",6-4,193.0,215.0,98.0,United States,Lincoln High School ,2.0,16.0,Milwaukee Bucks
NBA,2017 - 2018,Regular_Season,Andre Iguodala,GSW,64,1622.5,148,320,33,117,55,87,67,99,50,196,246,210,54,38,384,1984.0,Jan,"Jan 28, 1984",6-6,198.0,215.0,98.0,United States,Lanphier High School,1.0,9.0,Philadelphia Sixers
NBA,2017 - 2018,Regular_Season,Corey Brewer,OKC,72,1208.5,142,316,31,110,65,90,49,139,43,111,154,65,79,14,380,1986.0,Mar,"Mar 5, 1986",6-9,206.0,186.0,84.0,United States,Portland High School,1.0,7.0,Minnesota Timberwolves
NBA,2017 - 2018,Regular_Season,Zaza Pachulia,GSW,69,971.8,149,264,0,1,75,93,72,122,89,232,321,109,38,17,373,1984.0,Feb,"Feb 10, 1984",6-11,211.0,270.0,122.0,Georgia,,2.0,13.0,Orlando Magic
NBA,2017 - 2018,Regular_Season,Joe Johnson,HOU,55,1204.8,146,360,40,145,40,45,49,67,14,158,172,83,18,7,372,1981.0,Jun,"Jun 29, 1981",6-7,201.0,240.0,109.0,United States,Little Rock Central High School,1.0,10.0,Boston Celtics
NBA,2017 - 2018,Regular_Season,Ian Mahinmi,WAS,77,1145.3,138,248,0,2,90,128,100,230,135,177,312,53,38,42,366,1986.0,Nov,"Nov 5, 1986",6-11,211.0,262.0,119.0,France,,1.0,28.0,San Antonio Spurs
NBA,2017 - 2018,Regular_Season,Deyonta Davis,MEM,62,942.6,161,265,0,0,38,57,32,125,75,175,250,40,15,39,360,1996.0,Dec,"Dec 2, 1996",6-9,206.0,237.0,108.0,United States,Muskegon High School,2.0,1.0,Boston Celtics
NBA,2017 - 2018,Regular_Season,Langston Galloway,DET,58,863.4,126,340,75,218,33,41,18,39,13,79,92,58,35,5,360,1991.0,Dec,"Dec 9, 1991",6-2,188.0,200.0,91.0,United States,Christian Life,,,
NBA,2017 - 2018,Regular_Season,Thon Maker,MIL,74,1237.8,130,316,31,104,65,93,44,162,75,150,225,46,38,53,356,1997.0,Feb,"Feb 25, 1997",7-1,216.0,221.0,100.0,South Sudan / Australia,Athlete Institute Prep,1.0,10.0,Milwaukee Bucks
NBA,2017 - 2018,Regular_Season,Alex Abrines,OKC,75,1134.2,115,291,84,221,39,46,25,124,26,88,114,28,38,8,353,1993.0,Aug,"Aug 1, 1993",6-6,198.0,190.0,86.0,Spain,,2.0,2.0,Oklahoma City Thunder
NBA,2017 - 2018,Regular_Season,Royce O'Neale,UTA,69,1149.5,120,284,42,118,61,76,55,105,25,211,236,95,36,16,343,1993.0,Jun,"Jun 5, 1993",6-6,198.0,226.0,103.0,United States,Harker Heights High School,,,
NBA,2017 - 2018,Regular_Season,Amir Johnson,PHI,74,1170.3,140,260,10,32,52,85,55,192,123,207,330,118,45,44,342,1987.0,May,"May 1, 1987",6-9,206.0,240.0,109.0,United States,Westchester High School,2.0,26.0,Detroit Pistons
NBA,2017 - 2018,Regular_Season,Maybyner Nene,HOU,52,758.4,136,239,0,2,68,107,38,123,55,122,177,45,28,14,340,1982.0,Sep,"Sep 13, 1982",6-11,211.0,250.0,113.0,Brazil,Instituto Alvaro Guiao,1.0,7.0,New York Knicks
NBA,2017 - 2018,Regular_Season,Daniel Theis,BOS,63,935.7,126,233,18,58,61,81,56,157,90,184,274,56,30,48,331,1992.0,Apr,"Apr 4, 1992",6-8,203.0,243.0,110.0,Germany,,,,
NBA,2017 - 2018,Regular_Season,Patrick Patterson,OKC,82,1269.8,106,266,66,171,40,46,33,87,32,161,193,57,48,23,318,1989.0,Mar,"Mar 14, 1989",6-9,206.0,230.0,104.0,United States,Huntington High School,1.0,14.0,Houston Rockets
NBA,2017 - 2018,Regular_Season,Vince Carter,SAC,58,1025.9,114,283,57,165,28,37,36,96,18,130,148,69,42,26,313,1977.0,Jan,"Jan 26, 1977",6-6,198.0,220.0,100.0,United States,Mainland High School,1.0,5.0,Golden State Warriors
NBA,2017 - 2018,Regular_Season,JaVale McGee,GSW,65,615.2,136,219,0,6,38,52,27,91,59,110,169,33,21,57,310,1988.0,Jan,"Jan 19, 1988",7-0,213.0,270.0,122.0,United States,Hales Franciscan,1.0,18.0,Washington Wizards
NBA,2017 - 2018,Regular_Season,Tristan Thompson,CLE,53,1072.2,132,235,0,0,43,79,36,102,126,226,352,33,16,17,307,1991.0,Mar,"Mar 13, 1991",6-10,208.0,238.0,108.0,Canada,Findlay College Prep,1.0,4.0,Cleveland Cavaliers
NBA,2017 - 2018,Regular_Season,Sam Dekker,LAC,73,882.6,128,259,10,60,37,56,33,71,44,130,174,38,24,9,303,1994.0,May,"May 6, 1994",6-9,206.0,230.0,104.0,United States,Sheboygan Lutheran High School,1.0,18.0,Houston Rockets
NBA,2017 - 2018,Regular_Season,Lance Thomas,NYK,73,1353.2,102,267,50,124,44,53,41,134,44,131,175,44,30,14,298,1988.0,Apr,"Apr 24, 1988",6-8,203.0,240.0,109.0,United States,Saint Benedict's Preparatory School,,,
NBA,2017 - 2018,Regular_Season,Zach Collins,POR,66,1045.6,115,289,35,113,27,42,58,133,45,176,221,52,17,31,292,1997.0,Nov,"Nov 19, 1997",7-0,213.0,235.0,107.0,United States,Bishop Gorman High School,1.0,10.0,Sacramento Kings
NBA,2017 - 2018,Regular_Season,Sindarius Thornwell,LAC,73,1155.7,100,233,23,61,59,88,53,125,33,107,140,67,48,25,282,1994.0,Nov,"Nov 15, 1994",6-5,196.0,215.0,98.0,United States,Oak Hill Academy,2.0,18.0,Milwaukee Bucks
NBA,2017 - 2018,Regular_Season,Treveon Graham,CHA,63,1049.5,96,221,40,97,41,59,27,109,42,79,121,59,33,2,273,1993.0,Oct,"Oct 28, 1993",6-5,196.0,225.0,102.0,United States,St. Mary's Ryken High School,,,
NBA,2017 - 2018,Regular_Season,Kevon Looney,GSW,66,910.0,112,193,1,5,42,77,31,106,83,132,215,42,34,56,267,1996.0,Feb,"Feb 6, 1996",6-9,206.0,220.0,100.0,United States,Alexander Hamilton High School,1.0,30.0,Golden State Warriors
NBA,2017 - 2018,Regular_Season,Jordan Bell,GSW,57,808.9,116,185,0,4,30,44,51,92,60,147,207,102,35,56,262,1995.0,Jan,"Jan 7, 1995",6-9,206.0,224.0,102.0,United States,Long Beach Polytechnic High School,2.0,8.0,Chicago Bulls
NBA,2017 - 2018,Regular_Season,Jose Calderon,CLE,57,914.3,93,185,45,97,24,30,41,81,14,70,84,117,27,2,255,1981.0,Sep,"Sep 28, 1981",6-3,191.0,200.0,91.0,Spain,,,,
NBA,2017 - 2018,Regular_Season,Cheick Diallo,NOP,52,581.0,102,176,0,0,50,66,28,82,47,164,211,19,11,21,254,1996.0,Sep,"Sep 13, 1996",6-9,206.0,220.0,100.0,Mali,Our Savior New American School,2.0,3.0,Los Angeles Clippers
NBA,2017 - 2018,Regular_Season,Cedi Osman,CLE,61,672.3,90,186,32,87,26,46,32,78,19,101,120,41,22,3,238,1995.0,Apr,"Apr 8, 1995",6-8,203.0,215.0,98.0,North Macedonia / Turkey,,2.0,1.0,Minnesota Timberwolves
NBA,2017 - 2018,Regular_Season,Shane Larkin,BOS,54,774.7,84,219,31,86,32,37,33,58,15,77,92,98,29,2,231,1992.0,Oct,"Oct 2, 1992",5-11,180.0,175.0,79.0,United States / Turkey,Dr. Phillips High School,1.0,18.0,Atlanta Hawks
NBA,2017 - 2018,Regular_Season,Wesley Iwundu,ORL,62,1020.2,93,218,9,46,34,47,30,81,36,101,137,57,33,12,229,1994.0,Dec,"Dec 20, 1994",6-7,201.0,195.0,88.0,United States,Spring Westfield High School,2.0,3.0,Orlando Magic
NBA,2017 - 2018,Regular_Season,Patrick McCaw,GSW,57,961.1,92,225,19,80,26,34,41,67,16,66,82,81,43,10,229,1995.0,Oct,"Oct 25, 1995",6-7,201.0,185.0,84.0,United States,Montrose Christian School,2.0,8.0,Milwaukee Bucks
NBA,2017 - 2018,Regular_Season,Salah Mejri,DAL,61,728.9,88,137,0,3,38,66,39,121,85,161,246,35,22,67,214,1986.0,Jun,"Jun 15, 1986",7-2,218.0,235.0,107.0,Tunisia,,,,
NBA,2017 - 2018,Regular_Season,Malik Beasley,DEN,62,582.6,73,178,28,82,22,33,24,36,14,57,71,31,15,7,196,1996.0,Nov,"Nov 26, 1996",6-5,196.0,195.0,88.0,United States,Saint Francis High School,1.0,19.0,Denver Nuggets
NBA,2017 - 2018,Regular_Season,Semi Ojeleye,BOS,73,1150.1,65,188,40,125,25,41,25,91,37,124,161,20,21,4,195,1994.0,Dec,"Dec 5, 1994",6-7,201.0,241.0,109.0,United States,Ottawa High School,2.0,7.0,Boston Celtics
NBA,2017 - 2018,Regular_Season,Terrance Ferguson,OKC,61,763.0,70,169,40,120,9,10,11,83,19,28,47,19,24,10,189,1998.0,May,"May 17, 1998",6-7,201.0,190.0,86.0,United States,Prime Prep Academy,1.0,21.0,Oklahoma City Thunder
NBA,2017 - 2018,Regular_Season,Tarik Black,HOU,51,536.5,75,127,1,11,29,63,35,107,63,100,163,13,21,30,180,1991.0,Nov,"Nov 22, 1991",6-9,206.0,250.0,113.0,United States,Ridgeway High School,,,
NBA,2017 - 2018,Regular_Season,Tim Frazier,WAS,59,837.9,68,172,17,56,23,30,57,97,18,97,115,194,47,7,176,1990.0,Nov,"Nov 1, 1990",6-1,185.0,170.0,77.0,United States,Strake Jesuit College Preparatory,,,
NBA,2017 - 2018,Regular_Season,Ekpe Udoh,UTA,63,809.5,60,120,0,1,42,56,20,105,68,82,150,53,43,74,162,1987.0,May,"May 20, 1987",6-10,208.0,245.0,111.0,United States / Nigeria,Santa Fe High School,1.0,6.0,Golden State Warriors
NBA,2017 - 2018,Regular_Season,Josh Huestis,OKC,69,981.5,60,182,33,115,6,20,26,82,42,119,161,20,15,43,159,1991.0,Dec,"Dec 19, 1991",6-7,201.0,230.0,104.0,United States,Charles M. Russell High School,1.0,29.0,Oklahoma City Thunder
NBA,2017 - 2018,Regular_Season,Brandon Paul,SAS,64,576.0,55,127,15,54,22,43,29,58,6,62,68,37,25,7,147,1991.0,Apr,"Apr 30, 1991",6-4,193.0,200.0,91.0,United States,Warren High School,,,
NBA,2017 - 2018,Regular_Season,Abdel Nader,BOS,48,521.5,50,149,23,65,23,39,34,45,13,58,71,26,15,10,146,1993.0,Sep,"Sep 25, 1993",6-6,198.0,225.0,102.0,United States / Egypt,Niles North High School,2.0,28.0,Boston Celtics
NBA,2017 - 2018,Regular_Season,Eric Moreland,DET,67,805.0,66,122,0,0,11,29,42,116,81,197,278,78,31,51,143,1991.0,Dec,"Dec 24, 1991",6-10,208.0,240.0,109.0,United States,Hightower High School,,,
NBA,2017 - 2018,Regular_Season,DeAndre Liggins,NOP,58,723.5,40,106,19,53,2,5,20,81,7,68,75,48,37,14,101,1988.0,Mar,"Mar 31, 1988",6-6,198.0,210.0,95.0,United States,Findlay College Prep,2.0,23.0,Orlando Magic
NBA,2017 - 2018,Playoffs,LeBron James,CLE,22,921.7,275,510,39,114,159,213,94,52,31,169,200,198,30,23,748,1984.0,Dec,"Dec 30, 1984",6-8,203.0,250.0,113.0,United States,St. Vincent St. Mary High School,1.0,1.0,Cleveland Cavaliers
NBA,2017 - 2018,Playoffs,Kevin Durant,GSW,21,807.4,212,435,47,138,137,152,50,43,13,150,163,99,15,25,608,1988.0,Sep,"Sep 29, 1988",6-9,206.0,240.0,109.0,United States,Montrose Christian School,1.0,2.0,Seattle SuperSonics
NBA,2017 - 2018,Playoffs,James Harden,HOU,17,620.6,158,385,52,174,118,133,65,46,14,75,89,116,38,11,486,1989.0,Aug,"Aug 26, 1989",6-5,196.0,220.0,100.0,United States,Artesia High School,1.0,3.0,Oklahoma City Thunder
NBA,2017 - 2018,Playoffs,Klay Thompson,GSW,21,793.8,159,342,67,157,27,31,31,48,11,75,86,38,16,6,412,1990.0,Feb,"Feb 8, 1990",6-7,201.0,215.0,98.0,United States,Santa Margarita Catholic High School,1.0,11.0,Golden State Warriors
NBA,2017 - 2018,Playoffs,Stephen Curry,GSW,15,554.9,137,304,64,162,45,47,43,38,9,82,91,81,26,11,383,1988.0,Mar,"Mar 14, 1988",6-3,191.0,190.0,86.0,United States,Charlotte Christian School,1.0,7.0,Golden State Warriors
NBA,2017 - 2018,Playoffs,Jayson Tatum,BOS,19,682.8,123,261,23,71,82,97,41,50,10,73,83,52,23,10,351,1998.0,Mar,"Mar 3, 1998",6-8,203.0,208.0,94.0,United States,Chaminade College Preparatory School,1.0,3.0,Boston Celtics
NBA,2017 - 2018,Playoffs,Jaylen Brown,BOS,18,583.0,124,266,44,112,32,50,23,58,16,71,87,26,14,10,324,1996.0,Oct,"Oct 24, 1996",6-7,201.0,220.0,100.0,United States,Joseph Wheeler High School,1.0,3.0,Boston Celtics
NBA,2017 - 2018,Playoffs,Chris Paul,HOU,15,516.9,118,257,37,99,44,53,28,47,9,80,89,87,30,4,317,1985.0,May,"May 6, 1985",6-0,183.0,175.0,79.0,United States,West Forsyth High School,1.0,4.0,New Orleans Pelicans
NBA,2017 - 2018,Playoffs,Terry Rozier,BOS,19,695.6,108,266,51,147,46,56,22,38,8,92,100,109,24,6,313,1994.0,Mar,"Mar 17, 1994",6-1,185.0,190.0,86.0,United States,Hargrave Military Academy ,1.0,16.0,Boston Celtics
NBA,2017 - 2018,Playoffs,Kevin Love,CLE,21,660.5,109,278,36,106,59,64,41,58,49,166,215,34,15,8,313,1988.0,Sep,"Sep 7, 1988",6-10,208.0,251.0,114.0,United States,Lake Oswego High School,1.0,5.0,Memphis Grizzlies
NBA,2017 - 2018,Playoffs,Al Horford,BOS,19,678.9,111,204,15,43,62,75,32,39,32,125,157,63,19,22,299,1986.0,Jun,"Jun 3, 1986",6-10,208.0,245.0,111.0,Dominican Republic / United States,Grand Ledge High School,1.0,3.0,Atlanta Hawks
NBA,2017 - 2018,Playoffs,Anthony Davis,NOP,9,358.1,106,204,6,22,53,64,23,30,24,97,121,15,18,21,271,1993.0,Mar,"Mar 11, 1993",6-10,208.0,253.0,115.0,United States,Perspectives Charter Academy,1.0,1.0,New Orleans Pelicans
NBA,2017 - 2018,Playoffs,Donovan Mitchell,UTA,11,411.3,102,243,25,80,39,43,32,35,9,56,65,46,16,4,268,1996.0,Sep,"Sep 7, 1996",6-3,191.0,215.0,98.0,United States,Brewster Academy,1.0,13.0,Denver Nuggets
NBA,2017 - 2018,Playoffs,Eric Gordon,HOU,17,549.0,84,221,43,130,51,61,24,29,9,36,45,28,10,8,262,1988.0,Dec,"Dec 25, 1988",6-4,193.0,215.0,98.0,United States,North Central High School,1.0,7.0,Los Angeles Clippers
NBA,2017 - 2018,Playoffs,Marcus Morris,BOS,19,562.0,82,223,30,72,42,59,19,60,20,83,103,21,7,5,236,1989.0,Sep,"Sep 2, 1989",6-9,206.0,235.0,107.0,United States,APEX Academy,1.0,14.0,Houston Rockets
NBA,2017 - 2018,Playoffs,DeMar DeRozan,TOR,10,354.4,87,199,10,35,43,53,23,24,6,30,36,40,5,6,227,1989.0,Aug,"Aug 7, 1989",6-7,201.0,220.0,100.0,United States,Compton High School,1.0,9.0,Toronto Raptors
NBA,2017 - 2018,Playoffs,Draymond Green,GSW,21,818.5,83,192,21,79,39,49,63,75,42,180,222,171,41,31,226,1990.0,Mar,"Mar 4, 1990",6-7,201.0,230.0,104.0,United States,Saginaw High School,2.0,5.0,Golden State Warriors
NBA,2017 - 2018,Playoffs,Clint Capela,HOU,17,519.6,95,144,0,0,26,55,15,38,61,136,197,22,14,36,216,1994.0,May,"May 18, 1994",6-10,208.0,240.0,109.0,Switzerland,INSEP Academy,1.0,25.0,Houston Rockets
NBA,2017 - 2018,Playoffs,Jrue Holiday,NOP,9,348.5,88,170,16,50,21,30,23,22,9,42,51,57,10,5,213,1990.0,Jun,"Jun 12, 1990",6-4,193.0,205.0,93.0,United States,Campbell Hall School,1.0,17.0,Philadelphia Sixers
NBA,2017 - 2018,Playoffs,J.R. Smith,CLE,22,705.6,65,187,44,120,17,22,19,54,10,50,60,25,21,4,191,1985.0,Sep,"Sep 9, 1985",6-6,198.0,225.0,102.0,United States,Saint Benedict's Preparatory School,1.0,18.0,New Orleans Pelicans
NBA,2017 - 2018,Playoffs,Kyle Korver,CLE,22,505.4,59,141,45,109,19,22,14,44,6,46,52,19,9,9,182,1981.0,Mar,"Mar 17, 1981",6-7,201.0,212.0,96.0,United States,Pella High School,2.0,22.0,New Jersey Nets
NBA,2017 - 2018,Playoffs,J.J. Redick,PHI,10,342.4,60,135,26,75,36,42,11,21,3,12,15,26,8,1,182,1984.0,Jun,"Jun 24, 1984",6-4,193.0,200.0,91.0,United States,Cave Spring High School,1.0,11.0,Orlando Magic
NBA,2017 - 2018,Playoffs,Giannis Antetokounmpo,MIL,7,280.2,69,121,4,14,38,55,17,28,8,59,67,44,10,6,180,1994.0,Dec,"Dec 6, 1994",6-11,211.0,242.0,110.0,Greece / Nigeria,,1.0,15.0,Milwaukee Bucks
NBA,2017 - 2018,Playoffs,Russell Westbrook,OKC,6,235.5,64,161,15,42,33,40,31,21,11,61,72,45,9,0,176,1988.0,Nov,"Nov 12, 1988",6-3,191.0,200.0,91.0,United States,Leuzinger High School,1.0,4.0,Seattle SuperSonics
NBA,2017 - 2018,Playoffs,George Hill,CLE,19,556.9,59,131,16,51,41,53,22,52,13,28,41,42,10,8,175,1986.0,May,"May 4, 1986",6-3,191.0,188.0,85.0,United States,Broad Ripple High School,1.0,26.0,San Antonio Spurs
NBA,2017 - 2018,Playoffs,Kyle Lowry,TOR,10,360.8,60,118,28,63,26,32,31,33,2,41,43,85,15,0,174,1986.0,Mar,"Mar 25, 1986",6-1,185.0,196.0,89.0,United States,Cardinal Dougherty High School,1.0,24.0,Memphis Grizzlies
NBA,2017 - 2018,Playoffs,Khris Middleton,MIL,7,275.4,67,112,25,41,14,19,16,30,1,35,36,22,6,5,173,1991.0,Aug,"Aug 12, 1991",6-8,203.0,222.0,101.0,United States,Porter-Gaud High School,2.0,9.0,Detroit Pistons
NBA,2017 - 2018,Playoffs,Dario Saric,PHI,10,328.5,59,140,20,52,34,40,15,28,32,41,73,35,10,4,172,1994.0,Apr,"Apr 8, 1994",6-10,208.0,250.0,113.0,Croatia,,1.0,12.0,Orlando Magic
NBA,2017 - 2018,Playoffs,Joel Embiid,PHI,8,278.3,60,138,8,29,43,61,29,31,23,78,101,24,7,14,171,1994.0,Mar,"Mar 16, 1994",7-0,213.0,250.0,113.0,Cameroon,The Rock High School,1.0,3.0,Philadelphia Sixers
NBA,2017 - 2018,Playoffs,Jeff Green,CLE,22,523.4,58,142,21,70,33,46,17,36,7,46,53,32,7,15,170,1986.0,Aug,"Aug 28, 1986",6-9,206.0,235.0,107.0,United States,Northwestern High School,1.0,5.0,Boston Celtics
NBA,2017 - 2018,Playoffs,Ben Simmons,PHI,10,369.4,61,125,0,1,41,58,44,34,16,78,94,77,17,8,163,1996.0,Jul,"Jul 20, 1996",6-10,208.0,230.0,104.0,Australia,Montverde Academy,1.0,1.0,Philadelphia Sixers
NBA,2017 - 2018,Playoffs,Joe Ingles,UTA,11,382.5,57,121,35,77,11,17,26,29,5,43,48,37,6,2,160,1987.0,Oct,"Oct 2, 1987",6-8,203.0,226.0,103.0,Australia,Australian Institute of Sport,,,
NBA,2017 - 2018,Playoffs,Victor Oladipo,IND,7,260.8,53,127,23,57,30,41,24,11,3,55,58,42,17,3,159,1992.0,May,"May 4, 1992",6-4,193.0,210.0,95.0,United States,DeMatha Catholic High School,1.0,2.0,Orlando Magic
NBA,2017 - 2018,Playoffs,John Wall,WAS,6,234.4,56,127,4,21,40,47,27,16,3,31,34,69,14,8,156,1990.0,Sep,"Sep 6, 1990",6-4,193.0,210.0,95.0,United States,Word of God Christian Academy,1.0,1.0,Washington Wizards
NBA,2017 - 2018,Playoffs,P.J. Tucker,HOU,17,569.5,52,108,35,75,12,18,14,46,23,88,111,22,11,13,151,1985.0,May,"May 5, 1985",6-6,198.0,245.0,111.0,United States,Enloe High School,2.0,5.0,Toronto Raptors
NBA,2017 - 2018,Playoffs,Trevor Ariza,HOU,17,581.8,50,139,26,91,23,31,10,44,9,56,65,22,19,2,149,1985.0,Jun,"Jun 30, 1985",6-8,203.0,215.0,98.0,United States,Westchester High School,2.0,14.0,New York Knicks
NBA,2017 - 2018,Playoffs,Paul George,OKC,6,251.2,49,120,19,52,31,36,24,17,4,32,36,16,8,4,148,1990.0,May,"May 2, 1990",6-9,206.0,220.0,100.0,United States,Pete Knight High School,1.0,10.0,Indiana Pacers
NBA,2017 - 2018,Playoffs,Marcus Smart,BOS,15,449.2,48,143,15,68,36,49,36,44,14,42,56,80,26,10,147,1994.0,Mar,"Mar 6, 1994",6-4,193.0,220.0,100.0,United States,Marcus High School,1.0,6.0,Boston Celtics
NBA,2017 - 2018,Playoffs,Jonas Valanciunas,TOR,10,244.5,58,107,2,5,28,34,19,22,30,75,105,12,4,15,146,1992.0,May,"May 6, 1992",7-0,213.0,265.0,120.0,Lithuania,,1.0,5.0,Toronto Raptors
NBA,2017 - 2018,Playoffs,Rudy Gobert,UTA,11,383.2,55,84,0,0,35,58,21,34,43,75,118,11,10,25,145,1992.0,Jun,"Jun 26, 1992",7-1,216.0,245.0,111.0,France,,1.0,27.0,Denver Nuggets
NBA,2017 - 2018,Playoffs,Shaun Livingston,GSW,21,362.1,59,110,0,1,22,25,16,33,11,36,47,31,7,1,140,1985.0,Sep,"Sep 11, 1985",6-7,201.0,192.0,87.0,United States,Peoria Central High School ,1.0,4.0,Los Angeles Clippers
NBA,2017 - 2018,Playoffs,Bradley Beal,WAS,6,215.6,49,108,21,45,20,23,15,19,2,18,20,17,7,2,139,1993.0,Jun,"Jun 28, 1993",6-3,191.0,207.0,94.0,United States,Chaminade College Preparatory School,1.0,3.0,Washington Wizards
NBA,2017 - 2018,Playoffs,Nikola Mirotic,NOP,9,319.9,49,102,22,51,15,19,10,24,9,77,86,15,10,12,135,1991.0,Feb,"Feb 11, 1991",6-10,208.0,250.0,113.0,Montenegro / Spain,,1.0,23.0,Houston Rockets
NBA,2017 - 2018,Playoffs,Marco Belinelli,PHI,10,273.4,43,106,16,46,27,31,4,20,1,20,21,20,7,0,129,1986.0,Mar,"Mar 25, 1986",6-5,196.0,225.0,102.0,Italy,,1.0,18.0,Golden State Warriors
NBA,2017 - 2018,Playoffs,Andre Iguodala,GSW,15,401.4,42,85,14,37,24,34,14,29,11,57,68,41,21,7,122,1984.0,Jan,"Jan 28, 1984",6-6,198.0,215.0,98.0,United States,Lanphier High School,1.0,9.0,Philadelphia Sixers
NBA,2017 - 2018,Playoffs,Tristan Thompson,CLE,19,415.6,49,83,0,1,20,27,11,26,44,68,112,11,2,8,118,1991.0,Mar,"Mar 13, 1991",6-10,208.0,238.0,108.0,Canada,Findlay College Prep,1.0,4.0,Cleveland Cavaliers
NBA,2017 - 2018,Playoffs,LaMarcus Aldridge,SAS,5,176.5,37,80,3,5,41,42,9,9,13,33,46,12,3,2,118,1985.0,Jul,"Jul 19, 1985",6-11,211.0,265.0,120.0,United States,Seagoville High School,1.0,2.0,Chicago Bulls
NBA,2017 - 2018,Playoffs,Aron Baynes,BOS,19,389.4,45,89,11,23,13,18,8,43,45,73,118,19,4,11,114,1986.0,Dec,"Dec 9, 1986",6-10,208.0,260.0,118.0,New Zealand / Australia,Cairns State High School,,,
NBA,2017 - 2018,Playoffs,Jae Crowder,UTA,11,323.2,35,108,22,66,18,28,14,25,4,52,56,19,15,2,110,1990.0,Jul,"Jul 6, 1990",6-6,198.0,235.0,107.0,United States,Villa Rica High School,2.0,4.0,Cleveland Cavaliers
NBA,2017 - 2018,Playoffs,Gerald Green,HOU,17,271.9,37,94,27,72,6,7,10,27,6,44,50,1,4,7,107,1986.0,Jan,"Jan 26, 1986",6-7,201.0,205.0,93.0,United States,Gulf Shores Academy,1.0,18.0,Boston Celtics
NBA,2017 - 2018,Playoffs,Derrick Favors,UTA,11,286.4,42,68,2,5,16,33,10,17,20,37,57,13,8,11,102,1991.0,Jul,"Jul 15, 1991",6-10,208.0,265.0,120.0,United States,South Atlanta High School ,1.0,3.0,New Jersey Nets
NBA,2017 - 2018,Playoffs,E'Twaun Moore,NOP,9,284.2,41,88,9,25,11,16,11,20,6,17,23,15,6,1,102,1989.0,Feb,"Feb 25, 1989",6-4,193.0,191.0,87.0,United States,East Chicago Central High School,2.0,25.0,Boston Celtics
NBA,2017 - 2018,Playoffs,C.J. McCollum,POR,4,155.5,40,77,11,26,10,13,9,11,0,8,8,14,5,1,101,1991.0,Sep,"Sep 19, 1991",6-3,191.0,190.0,86.0,United States,Glen Oak High School,1.0,10.0,Portland Trail Blazers
NBA,2017 - 2018,Playoffs,"Larry Nance, Jr.",CLE,20,306.9,41,60,0,1,14,31,12,35,35,55,90,18,16,14,96,1993.0,Jan,"Jan 1, 1993",6-9,206.0,230.0,104.0,United States,Revere High School,1.0,27.0,Los Angeles Lakers
NBA,2017 - 2018,Playoffs,C.J. Miles,TOR,10,227.1,32,71,19,45,13,16,9,21,6,18,24,8,7,3,96,1987.0,Mar,"Mar 18, 1987",6-6,198.0,220.0,100.0,United States,Skyline High School ,2.0,4.0,Utah Jazz
NBA,2017 - 2018,Playoffs,Eric Bledsoe,MIL,7,224.9,37,84,7,22,14,20,15,19,3,22,25,26,7,6,95,1989.0,Dec,"Dec 9, 1989",6-1,185.0,205.0,93.0,United States,Parker High School,1.0,18.0,Oklahoma City Thunder
NBA,2017 - 2018,Playoffs,Rajon Rondo,NOP,9,302.3,38,92,8,19,9,14,33,20,9,59,68,110,13,2,93,1986.0,Feb,"Feb 22, 1986",6-1,185.0,186.0,84.0,United States,Oak Hill Academy,1.0,21.0,Phoenix Suns
NBA,2017 - 2018,Playoffs,Ersan Ilyasova,PHI,10,233.1,36,84,9,31,12,21,10,25,26,50,76,13,7,4,93,1987.0,May,"May 15, 1987",6-10,208.0,235.0,107.0,Turkey,,2.0,6.0,Milwaukee Bucks
NBA,2017 - 2018,Playoffs,Goran Dragic,MIA,5,156.4,35,75,8,21,15,22,15,15,3,10,13,23,5,0,93,1986.0,May,"May 6, 1986",6-3,191.0,190.0,86.0,Slovenia,,2.0,15.0,San Antonio Spurs
NBA,2017 - 2018,Playoffs,Rodney Hood,CLE,17,259.6,39,92,4,24,9,12,13,30,7,24,31,18,5,4,91,1992.0,Oct,"Oct 20, 1992",6-8,203.0,205.0,93.0,United States,Meridian High School,1.0,23.0,Utah Jazz
NBA,2017 - 2018,Playoffs,Jordan Clarkson,CLE,19,285.5,37,123,11,46,5,6,13,21,9,23,32,13,8,3,90,1992.0,Jun,"Jun 7, 1992",6-5,196.0,194.0,88.0,United States,Wagner High School,2.0,16.0,Washington Wizards
NBA,2017 - 2018,Playoffs,Serge Ibaka,TOR,10,259.9,30,72,9,24,18,22,16,21,13,46,59,11,1,13,87,1989.0,Sep,"Sep 18, 1989",6-10,208.0,235.0,107.0,Republic of the Congo / Spain,,1.0,24.0,Seattle SuperSonics
NBA,2017 - 2018,Playoffs,Myles Turner,IND,7,195.9,33,54,6,13,15,19,11,25,6,30,36,4,2,4,87,1996.0,Mar,"Mar 24, 1996",6-11,211.0,250.0,113.0,United States,Trinity High School,1.0,11.0,Indiana Pacers
NBA,2017 - 2018,Playoffs,Domantas Sabonis,IND,7,166.2,36,62,1,7,14,18,7,22,14,18,32,5,1,2,87,1996.0,May,"May 3, 1996",6-11,211.0,240.0,109.0,United States / Lithuania,,1.0,11.0,Orlando Magic
NBA,2017 - 2018,Playoffs,Bojan Bogdanovic,IND,7,238.1,32,81,17,45,6,10,13,23,1,23,24,13,6,0,87,1989.0,Apr,"Apr 18, 1989",6-8,203.0,216.0,98.0,Bosnia and Herzegovina / Croatia,,2.0,1.0,Miami Heat
NBA,2017 - 2018,Playoffs,Kevon Looney,GSW,21,387.1,39,72,0,2,8,21,8,50,42,47,89,19,14,8,86,1996.0,Feb,"Feb 6, 1996",6-9,206.0,220.0,100.0,United States,Alexander Hamilton High School,1.0,30.0,Golden State Warriors
NBA,2017 - 2018,Playoffs,Delon Wright,TOR,10,214.9,31,68,9,21,15,16,9,10,3,19,22,23,15,9,86,1992.0,Apr,"Apr 26, 1992",6-5,196.0,183.0,83.0,United States,Leuzinger High School,1.0,20.0,Toronto Raptors
NBA,2017 - 2018,Playoffs,Ricky Rubio,UTA,6,180.8,28,79,10,32,18,23,18,13,5,39,44,42,8,3,84,1990.0,Oct,"Oct 21, 1990",6-4,193.0,190.0,86.0,Spain,,1.0,5.0,Minnesota Timberwolves
NBA,2017 - 2018,Playoffs,JaVale McGee,GSW,13,158.2,39,58,0,1,6,9,5,20,16,26,42,4,3,11,84,1988.0,Jan,"Jan 19, 1988",7-0,213.0,270.0,122.0,United States,Hales Franciscan,1.0,18.0,Washington Wizards
NBA,2017 - 2018,Playoffs,Dwyane Wade,MIA,5,127.4,31,70,0,4,21,26,11,11,3,18,21,18,7,1,83,1982.0,Jan,"Jan 17, 1982",6-4,193.0,220.0,100.0,United States,Harold L. Richards High School,1.0,5.0,Miami Heat
NBA,2017 - 2018,Playoffs,Alec Burks,UTA,9,120.4,30,64,9,20,13,15,8,9,2,22,24,17,4,1,82,1991.0,Jul,"Jul 20, 1991",6-6,198.0,214.0,97.0,United States,Grandview High School,1.0,12.0,Utah Jazz
NBA,2017 - 2018,Playoffs,Robert Covington,PHI,10,281.1,27,83,15,48,12,16,11,30,12,41,53,25,11,9,81,1990.0,Dec,"Dec 14, 1990",6-9,206.0,225.0,102.0,United States,Proviso West High School,,,
NBA,2017 - 2018,Playoffs,Quinn Cook,GSW,17,174.8,30,67,7,31,14,17,5,13,2,21,23,11,4,2,81,1993.0,Mar,"Mar 23, 1993",6-2,188.0,179.0,81.0,United States,Oak Hill Academy,,,
NBA,2017 - 2018,Playoffs,Thaddeus Young,IND,7,236.8,36,60,2,7,5,13,7,22,22,32,54,10,12,6,79,1988.0,Jun,"Jun 21, 1988",6-8,203.0,221.0,100.0,United States,Mitchell High School,1.0,12.0,Philadelphia Sixers
NBA,2017 - 2018,Playoffs,Darren Collison,IND,7,213.9,31,68,8,23,9,12,9,7,1,20,21,33,7,0,79,1987.0,Aug,"Aug 23, 1987",6-0,183.0,175.0,79.0,United States,Etiwanda High School,1.0,21.0,New Orleans Pelicans
NBA,2017 - 2018,Playoffs,Jimmy Butler,MIN,5,170.4,28,63,8,17,15,18,5,9,3,27,30,20,4,1,79,1989.0,Sep,"Sep 14, 1989",6-8,203.0,232.0,105.0,United States,Tomball High School,1.0,30.0,Chicago Bulls
NBA,2017 - 2018,Playoffs,Ogugua Anunoby,TOR,10,238.0,29,52,13,29,8,11,6,23,9,12,21,7,6,4,79,1997.0,Jul,"Jul 17, 1997",6-8,203.0,232.0,105.0,England / United States,Jefferson City High School,1.0,23.0,Toronto Raptors
NBA,2017 - 2018,Playoffs,Andrew Wiggins,MIN,5,164.2,30,68,7,21,12,20,9,14,5,21,26,10,2,2,79,1995.0,Feb,"Feb 23, 1995",6-8,203.0,194.0,88.0,Canada,Huntington Prep,1.0,1.0,Cleveland Cavaliers
NBA,2017 - 2018,Playoffs,Royce O'Neale,UTA,11,259.0,28,56,10,28,12,19,16,30,3,35,38,15,10,4,78,1993.0,Jun,"Jun 5, 1993",6-6,198.0,226.0,103.0,United States,Harker Heights High School,,,
NBA,2017 - 2018,Playoffs,Karl-Anthony Towns,MIN,5,169.8,28,60,3,11,17,23,12,14,15,52,67,11,2,5,76,1995.0,Nov,"Nov 15, 1995",7-0,213.0,248.0,112.0,United States / Dominican Republic,St. Joseph High School,1.0,1.0,Minnesota Timberwolves
NBA,2017 - 2018,Playoffs,Damian Lillard,POR,4,162.5,25,71,9,30,15,17,16,8,3,15,18,19,5,0,74,1990.0,Jul,"Jul 15, 1990",6-3,191.0,195.0,88.0,United States,Oakland High School,1.0,6.0,Portland Trail Blazers
NBA,2017 - 2018,Playoffs,Lance Stephenson,IND,7,149.4,30,65,8,26,5,9,9,20,3,16,19,20,2,1,73,1990.0,Sep,"Sep 5, 1990",6-6,198.0,230.0,104.0,United States,Abraham Lincoln High School,2.0,10.0,Indiana Pacers
NBA,2017 - 2018,Playoffs,Carmelo Anthony,OKC,6,193.7,27,72,6,28,11,15,6,14,3,31,34,2,10,4,71,1984.0,May,"May 29, 1984",6-8,203.0,240.0,109.0,United States,Oak Hill Academy,1.0,3.0,Denver Nuggets
NBA,2017 - 2018,Playoffs,Derrick Rose,MIN,5,118.8,29,57,7,10,6,7,8,9,1,8,9,13,2,0,71,1988.0,Oct,"Oct 4, 1988",6-3,191.0,200.0,91.0,United States,Simeon Career Academy ,1.0,1.0,Chicago Bulls
NBA,2017 - 2018,Playoffs,Jabari Parker,MIL,7,167.4,28,62,6,19,8,13,6,15,8,35,43,10,7,4,70,1995.0,Mar,"Mar 15, 1995",6-8,203.0,245.0,111.0,United States,Simeon Career Academy ,1.0,2.0,Milwaukee Bucks
NBA,2017 - 2018,Playoffs,Ian Clark,NOP,9,189.8,28,66,10,28,4,4,9,20,2,8,10,11,8,2,70,1991.0,Mar,"Mar 7, 1991",6-3,191.0,175.0,79.0,United States,Germantown High School,,,
NBA,2017 - 2018,Playoffs,Al-Farouq Aminu,POR,4,130.9,27,52,13,30,2,2,6,8,12,24,36,5,4,2,69,1990.0,Sep,"Sep 21, 1990",6-9,206.0,220.0,100.0,United States / Nigeria,Norcross High School,1.0,8.0,Los Angeles Clippers
NBA,2017 - 2018,Playoffs,Patty Mills,SAS,5,164.9,25,57,13,35,4,5,9,15,2,8,10,13,3,1,67,1988.0,Aug,"Aug 11, 1988",6-0,183.0,180.0,82.0,Australia,Australian Institute of Sport,2.0,25.0,Portland Trail Blazers
NBA,2017 - 2018,Playoffs,Pascal Siakam,TOR,10,178.5,25,41,3,4,13,20,7,27,9,27,36,8,1,6,66,1994.0,Apr,"Apr 2, 1994",6-9,206.0,230.0,104.0,Cameroon,God's Academy,1.0,27.0,Toronto Raptors
NBA,2017 - 2018,Playoffs,Mike Scott,WAS,6,126.1,26,41,7,11,6,6,5,10,6,15,21,4,2,1,65,1988.0,Jul,"Jul 16, 1988",6-8,203.0,237.0,108.0,United States,Hargrave Military Academy ,2.0,13.0,Atlanta Hawks
NBA,2017 - 2018,Playoffs,Jeff Teague,MIN,5,153.1,23,51,7,18,12,17,14,19,3,15,18,29,3,2,65,1988.0,Jun,"Jun 10, 1988",6-2,188.0,195.0,88.0,United States,Pike High School,1.0,19.0,Atlanta Hawks
NBA,2017 - 2018,Playoffs,Kelly Olynyk,MIA,5,146.2,21,44,8,19,14,20,8,19,7,16,23,19,7,6,64,1991.0,Apr,"Apr 19, 1991",7-0,213.0,240.0,109.0,Canada,Kamloops High School,1.0,13.0,Dallas Mavericks
NBA,2017 - 2018,Playoffs,Steven Adams,OKC,6,200.3,27,46,0,0,9,13,4,15,19,26,45,9,4,4,63,1993.0,Jul,"Jul 20, 1993",7-0,213.0,265.0,120.0,New Zealand,Scots College,1.0,12.0,Oklahoma City Thunder
NBA,2017 - 2018,Playoffs,James Johnson,MIA,5,160.5,23,42,7,13,9,14,10,17,3,27,30,24,6,6,62,1987.0,Feb,"Feb 20, 1987",6-8,203.0,240.0,109.0,United States,Cheyenne East High School,1.0,16.0,Chicago Bulls
NBA,2017 - 2018,Playoffs,Rudy Gay,SAS,5,159.6,26,65,4,18,5,9,6,16,9,19,28,11,8,1,61,1986.0,Aug,"Aug 17, 1986",6-8,203.0,240.0,109.0,United States,Archbishop Spalding High School,1.0,8.0,Houston Rockets
NBA,2017 - 2018,Playoffs,Malcolm Brogdon,MIL,7,186.3,24,55,5,19,8,10,12,14,3,21,24,17,1,0,61,1992.0,Dec,"Dec 11, 1992",6-5,196.0,229.0,104.0,United States,Greater Atlanta Christian School,2.0,6.0,Milwaukee Bucks
NBA,2017 - 2018,Playoffs,David West,GSW,18,174.6,27,45,1,2,4,4,10,23,11,26,37,32,6,10,59,1980.0,Aug,"Aug 29, 1980",6-9,206.0,250.0,113.0,United States,Garner Magnet High School,1.0,18.0,New Orleans Pelicans
NBA,2017 - 2018,Playoffs,Markieff Morris,WAS,6,181.3,24,49,2,12,9,10,6,22,14,31,45,10,4,5,59,1989.0,Sep,"Sep 2, 1989",6-10,208.0,245.0,111.0,United States,APEX Academy,1.0,13.0,Phoenix Suns
NBA,2017 - 2018,Playoffs,Jamal Crawford,MIN,5,123.0,21,47,7,17,10,13,5,6,1,12,13,12,5,0,59,1980.0,Mar,"Mar 20, 1980",6-5,196.0,195.0,88.0,United States,Rainier Beach High School,1.0,8.0,Cleveland Cavaliers
NBA,2017 - 2018,Playoffs,"Kelly Oubre, Jr.",WAS,6,148.2,18,48,4,19,16,18,5,16,1,22,23,4,6,3,56,1995.0,Dec,"Dec 9, 1995",6-7,201.0,205.0,93.0,United States,Findlay College Prep,1.0,15.0,Atlanta Hawks
NBA,2017 - 2018,Playoffs,T.J. McConnell,PHI,10,155.0,25,36,2,3,3,5,6,13,6,20,26,23,6,0,55,1992.0,Mar,"Mar 25, 1992",6-2,188.0,190.0,86.0,United States,Chartiers Valley High School,,,
NBA,2017 - 2018,Playoffs,Greg Monroe,BOS,11,104.5,19,38,0,0,15,22,14,9,14,21,35,5,2,2,53,1990.0,Jun,"Jun 4, 1990",6-11,211.0,265.0,120.0,United States,Helen Cox High School,1.0,7.0,Detroit Pistons
NBA,2017 - 2018,Playoffs,Marcin Gortat,WAS,6,159.8,24,43,0,0,4,7,6,15,13,25,38,6,0,2,52,1984.0,Feb,"Feb 17, 1984",6-11,211.0,240.0,109.0,Poland,,2.0,27.0,Phoenix Suns
NBA,2017 - 2018,Playoffs,Nick Young,GSW,20,205.3,16,53,14,47,6,8,2,18,1,11,12,4,1,0,52,1985.0,Jun,"Jun 1, 1985",6-7,201.0,210.0,95.0,United States,Cleveland High School,1.0,16.0,Washington Wizards
NBA,2017 - 2018,Playoffs,Dante Exum,UTA,10,113.7,20,41,2,7,9,12,15,15,4,10,14,10,1,1,51,1995.0,Jul,"Jul 13, 1995",6-6,198.0,190.0,86.0,Australia,Australian Institute of Sport,1.0,5.0,Utah Jazz
NBA,2017 - 2018,Playoffs,Otto Porter,WAS,5,158.1,20,41,5,12,5,8,3,6,1,24,25,8,6,5,50,1993.0,Jun,"Jun 3, 1993",6-8,203.0,198.0,90.0,United States,Scott County Central High School,1.0,3.0,Washington Wizards
NBA,2017 - 2018,Playoffs,Justise Winslow,MIA,5,124.8,15,42,7,19,12,17,8,17,7,26,33,13,4,4,49,1996.0,Mar,"Mar 26, 1996",6-7,201.0,225.0,102.0,United States,St. John's School,1.0,10.0,Miami Heat
NBA,2017 - 2018,Playoffs,Jakob Poeltl,TOR,9,139.9,17,31,0,1,15,19,8,25,15,21,36,6,3,4,49,1995.0,Oct,"Oct 15, 1995",7-0,213.0,240.0,109.0,Austria,,1.0,9.0,Toronto Raptors
NBA,2017 - 2018,Playoffs,Jusuf Nurkic,POR,4,93.5,19,39,0,0,9,11,3,14,12,20,32,4,6,5,47,1994.0,Aug,"Aug 23, 1994",7-0,213.0,290.0,132.0,Bosnia and Herzegovina,,1.0,16.0,Chicago Bulls
NBA,2017 - 2018,Playoffs,Manu Ginobili,SAS,5,106.6,15,37,6,18,9,11,7,13,1,14,15,16,7,1,45,1977.0,Jul,"Jul 28, 1977",6-6,198.0,205.0,93.0,Argentina,,2.0,28.0,San Antonio Spurs
NBA,2017 - 2018,Playoffs,Darius Miller,NOP,9,162.3,14,34,9,24,6,6,6,10,2,18,20,11,5,0,43,1990.0,Mar,"Mar 21, 1990",6-8,203.0,225.0,102.0,United States,Mason County High School,2.0,16.0,New Orleans Pelicans
NBA,2017 - 2018,Playoffs,Jerami Grant,OKC,6,132.7,18,35,2,8,5,11,6,15,8,12,20,6,4,3,43,1994.0,Mar,"Mar 12, 1994",6-9,206.0,220.0,100.0,United States,DeMatha Catholic High School,2.0,9.0,Philadelphia Sixers
NBA,2017 - 2018,Playoffs,Josh Richardson,MIA,5,129.7,15,40,6,19,6,7,5,17,4,11,15,14,11,5,42,1993.0,Sep,"Sep 15, 1993",6-6,198.0,200.0,91.0,United States,Edmond Santa Fe High School,2.0,10.0,Miami Heat
NBA,2017 - 2018,Playoffs,Jordan Bell,GSW,17,173.4,17,32,0,1,7,14,6,18,15,32,47,15,6,9,41,1995.0,Jan,"Jan 7, 1995",6-9,206.0,224.0,102.0,United States,Long Beach Polytechnic High School,2.0,8.0,Chicago Bulls
NBA,2017 - 2018,Playoffs,Shane Larkin,BOS,11,154.0,16,35,4,13,5,5,6,15,1,10,11,20,5,0,41,1992.0,Oct,"Oct 2, 1992",5-11,180.0,175.0,79.0,United States / Turkey,Dr. Phillips High School,1.0,18.0,Atlanta Hawks
NBA,2017 - 2018,Playoffs,Fred VanVleet,TOR,6,114.3,13,39,8,28,7,8,4,8,0,10,10,13,0,0,41,1994.0,Feb,"Feb 25, 1994",6-0,183.0,195.0,88.0,United States,Auburn High School,,,
NBA,2017 - 2018,Playoffs,Tyler Johnson,MIA,5,80.8,14,26,6,10,6,7,2,14,1,7,8,4,2,0,40,1992.0,May,"May 7, 1992",6-4,193.0,190.0,86.0,United States,St. Francis High School,,,
NBA,2017 - 2018,Playoffs,Dejounte Murray,SAS,5,95.9,14,31,4,6,7,9,5,11,4,17,21,9,5,2,39,1996.0,Sep,"Sep 19, 1996",6-5,196.0,175.0,79.0,United States,Rainier Beach High School,1.0,29.0,San Antonio Spurs
NBA,2017 - 2018,Playoffs,Wayne Ellington,MIA,5,100.7,12,35,12,30,3,3,3,9,1,7,8,3,2,2,39,1987.0,Nov,"Nov 29, 1987",6-5,196.0,200.0,91.0,United States,Episcopal Academy,1.0,28.0,Minnesota Timberwolves
NBA,2017 - 2018,Playoffs,Corey Brewer,OKC,6,151.3,13,25,5,11,6,6,2,17,4,9,13,5,7,5,37,1986.0,Mar,"Mar 5, 1986",6-9,206.0,186.0,84.0,United States,Portland High School,1.0,7.0,Minnesota Timberwolves
NBA,2017 - 2018,Playoffs,Cory Joseph,IND,7,143.2,12,33,3,11,6,6,4,10,2,15,17,21,9,2,33,1991.0,Aug,"Aug 20, 1991",6-3,191.0,200.0,91.0,Canada,Findlay College Prep,1.0,29.0,San Antonio Spurs
NBA,2017 - 2018,Playoffs,Thon Maker,MIL,6,129.7,11,28,6,20,5,7,4,17,6,17,23,5,2,11,33,1997.0,Feb,"Feb 25, 1997",7-1,216.0,221.0,100.0,South Sudan / Australia,Athlete Institute Prep,1.0,10.0,Milwaukee Bucks
NBA,2017 - 2018,Playoffs,Solomon Hill,NOP,9,114.0,9,25,6,16,9,10,6,17,6,11,17,7,1,1,33,1991.0,Mar,"Mar 18, 1991",6-7,201.0,225.0,102.0,United States,Fairfax High School,1.0,23.0,Indiana Pacers
NBA,2017 - 2018,Playoffs,Tony Parker,SAS,5,66.7,14,37,0,5,5,7,4,2,0,4,4,6,2,0,33,1982.0,May,"May 17, 1982",6-2,188.0,185.0,84.0,France,,1.0,28.0,San Antonio Spurs
NBA,2017 - 2018,Playoffs,Semi Ojeleye,BOS,17,229.9,10,33,6,22,6,7,2,21,4,24,28,2,3,0,32,1994.0,Dec,"Dec 5, 1994",6-7,201.0,241.0,109.0,United States,Ottawa High School,2.0,7.0,Boston Celtics
NBA,2017 - 2018,Playoffs,Maybyner Nene,HOU,11,107.4,12,20,0,0,7,11,8,18,6,22,28,5,2,5,31,1982.0,Sep,"Sep 13, 1982",6-11,211.0,250.0,113.0,Brazil,Instituto Alvaro Guiao,1.0,7.0,New York Knicks
NBA,2017 - 2018,Playoffs,Taj Gibson,MIN,5,123.0,14,22,0,0,3,3,4,8,7,13,20,2,1,2,31,1985.0,Jun,"Jun 24, 1985",6-9,206.0,232.0,105.0,United States,Calvary Christian High School,1.0,26.0,Chicago Bulls
NBA,2017 - 2018,Playoffs,Raymond Felton,OKC,6,78.6,12,31,7,14,0,2,5,7,2,11,13,9,4,2,31,1984.0,Jun,"Jun 26, 1984",6-1,185.0,205.0,93.0,United States,Latta High School,1.0,5.0,Charlotte Hornets
NBA,2017 - 2018,Playoffs,Pau Gasol,SAS,5,90.4,10,20,1,3,9,10,6,5,2,22,24,14,0,1,30,1980.0,Jul,"Jul 6, 1980",7-0,213.0,250.0,113.0,Spain,,1.0,3.0,Atlanta Hawks
NBA,2017 - 2018,Playoffs,Ty Lawson,WAS,5,96.3,9,26,5,8,6,6,3,6,2,11,13,15,3,0,29,1987.0,Nov,"Nov 3, 1987",5-11,180.0,195.0,88.0,United States,Oak Hill Academy,1.0,18.0,Minnesota Timberwolves
NBA,2017 - 2018,Playoffs,Zach Collins,POR,4,69.7,11,30,3,14,3,4,2,10,3,9,12,6,3,2,28,1997.0,Nov,"Nov 19, 1997",7-0,213.0,235.0,107.0,United States,Bishop Gorman High School,1.0,10.0,Sacramento Kings
NBA,2017 - 2018,Playoffs,Evan Turner,POR,3,86.6,12,33,2,7,2,2,6,8,5,7,12,10,3,1,28,1988.0,Oct,"Oct 27, 1988",6-7,201.0,220.0,100.0,United States,St. Joseph High School,1.0,2.0,Philadelphia Sixers
NBA,2017 - 2018,Playoffs,Kyle Anderson,SAS,5,73.5,12,20,0,4,3,4,3,10,5,8,13,3,6,1,27,1993.0,Sep,"Sep 20, 1993",6-9,206.0,230.0,104.0,United States,St. Anthony High School,1.0,30.0,San Antonio Spurs
NBA,2017 - 2018,Playoffs,Amir Johnson,PHI,8,93.8,11,21,0,0,4,5,3,10,14,9,23,9,2,1,26,1987.0,May,"May 1, 1987",6-9,206.0,240.0,109.0,United States,Westchester High School,2.0,26.0,Detroit Pistons
NBA,2017 - 2018,Playoffs,Hassan Whiteside,MIA,5,77.0,9,20,0,0,8,13,12,16,10,20,30,1,0,6,26,1989.0,Jun,"Jun 13, 1989",7-1,216.0,265.0,120.0,United States,The Patterson School,2.0,3.0,Sacramento Kings
NBA,2017 - 2018,Playoffs,Luc Mbah a Moute,HOU,9,149.2,9,36,3,15,4,7,6,8,3,19,22,3,6,4,25,1986.0,Sep,"Sep 9, 1986",6-8,203.0,230.0,104.0,Cameroon,Montverde Academy,2.0,7.0,Milwaukee Bucks
NBA,2017 - 2018,Playoffs,Alex Abrines,OKC,6,109.9,8,20,6,13,2,2,1,11,3,13,16,2,5,2,24,1993.0,Aug,"Aug 1, 1993",6-6,198.0,190.0,86.0,Spain,,2.0,2.0,Oklahoma City Thunder
NBA,2017 - 2018,Playoffs,Jose Calderon,CLE,13,104.5,9,26,4,18,2,2,5,15,2,9,11,9,5,0,24,1981.0,Sep,"Sep 28, 1981",6-3,191.0,200.0,91.0,Spain,,,,
NBA,2017 - 2018,Playoffs,Raulzinho Neto,UTA,8,72.1,7,23,2,7,5,5,4,7,2,8,10,10,2,0,21,1992.0,May,"May 19, 1992",6-1,185.0,179.0,81.0,Brazil,,2.0,17.0,Atlanta Hawks
NBA,2017 - 2018,Playoffs,Danny Green,SAS,5,102.8,8,30,5,20,0,0,2,8,4,7,11,1,1,4,21,1987.0,Jun,"Jun 22, 1987",6-6,198.0,215.0,98.0,United States,St. Mary's High School,2.0,16.0,Cleveland Cavaliers
NBA,2017 - 2018,Playoffs,Jonas Jerebko,UTA,10,79.0,8,19,1,6,2,2,1,9,4,12,16,3,3,0,19,1987.0,Mar,"Mar 2, 1987",6-10,208.0,231.0,105.0,Sweden,,2.0,9.0,Detroit Pistons
NBA,2017 - 2018,Playoffs,Ryan Anderson,HOU,11,95.3,7,20,5,15,0,0,3,10,4,9,13,6,3,1,19,1988.0,May,"May 6, 1988",6-10,208.0,240.0,109.0,United States,Oak Ridge High School ,1.0,21.0,New Jersey Nets
NBA,2017 - 2018,Playoffs,Tony Snell,MIL,7,133.8,7,24,5,21,0,0,3,10,1,12,13,4,3,4,19,1991.0,Nov,"Nov 10, 1991",6-7,201.0,213.0,97.0,United States,Martin Luther King High School,1.0,20.0,Chicago Bulls
NBA,2017 - 2018,Playoffs,Trevor Booker,IND,7,63.7,6,10,0,1,6,7,1,12,5,13,18,0,1,1,18,1987.0,Nov,"Nov 25, 1987",6-8,203.0,228.0,103.0,United States,Union High School,1.0,23.0,Minnesota Timberwolves
NBA,2017 - 2018,Playoffs,Gorgui Dieng,MIN,5,70.2,6,18,2,5,3,4,1,6,3,15,18,4,2,4,17,1990.0,Jan,"Jan 18, 1990",6-11,211.0,252.0,114.0,Senegal,Covenant Christian Academy,1.0,21.0,Utah Jazz
NBA,2017 - 2018,Playoffs,Bam Adebayo,MIA,5,77.1,7,15,0,1,3,14,2,8,9,11,20,0,0,2,17,1997.0,Jul,"Jul 18, 1997",6-10,208.0,255.0,116.0,United States,High Point Christian Academy,1.0,14.0,Miami Heat
NBA,2017 - 2018,Playoffs,Davis Bertans,SAS,5,82.5,3,18,3,16,8,11,1,10,1,10,11,6,2,0,17,1992.0,Nov,"Nov 12, 1992",6-10,208.0,225.0,102.0,Latvia,,2.0,12.0,Indiana Pacers
NBA,2017 - 2018,Playoffs,Cedi Osman,CLE,14,61.7,6,18,1,7,1,4,0,5,1,6,7,3,3,0,14,1995.0,Apr,"Apr 8, 1995",6-8,203.0,215.0,98.0,North Macedonia / Turkey,,2.0,1.0,Minnesota Timberwolves
NBA,2017 - 2018,Playoffs,Matt Dellavedova,MIL,6,77.6,4,12,2,9,2,2,6,6,1,4,5,16,2,0,12,1990.0,Sep,"Sep 8, 1990",6-4,193.0,200.0,91.0,Australia,Australian Institute of Sport,,,
NBA,2017 - 2018,Playoffs,Ed Davis,POR,4,70.9,5,10,0,0,1,4,4,7,5,27,32,0,0,1,11,1989.0,Jun,"Jun 5, 1989",6-10,208.0,225.0,102.0,United States,Benedictine High School,1.0,13.0,Toronto Raptors
NBA,2017 - 2018,Playoffs,Tyler Zeller,MIL,7,65.8,4,5,0,0,3,4,1,11,2,12,14,3,4,3,11,1990.0,Jan,"Jan 17, 1990",7-0,213.0,259.0,117.0,United States,Washington High School,1.0,17.0,Dallas Mavericks
